<?xml version="1.0" encoding="UTF-8"?>
<gpx creator="Garmin Connect" version="1.1"
  xsi:schemaLocation="http://www.topografix.com/GPX/1/1 http://www.topografix.com/GPX/11.xsd"
  xmlns:ns3="http://www.garmin.com/xmlschemas/TrackPointExtension/v1"
  xmlns="http://www.topografix.com/GPX/1/1"
  xmlns:xsi="http://www.w3.org/2001/XMLSchema-instance" xmlns:ns2="http://www.garmin.com/xmlschemas/GpxExtensions/v3">
  <metadata>
    <name>Doorn - rondje gravelen</name>
    <link href="connect.garmin.com">
      <text>Garmin Connect</text>
    </link>
    <time>2026-05-24T18:06:49.000Z</time>
  </metadata>
  <trk>
    <name>Doorn Dan</name>
    <trkseg>
      <trkpt lat="52.03144487924874" lon="5.369500732049346">
        <ele>19.05</ele>
      </trkpt>
      <trkpt lat="52.031615702435374" lon="5.369609445333481">
        <ele>19.38</ele>
      </trkpt>
      <trkpt lat="52.03178644180298" lon="5.369718074798584">
        <ele>19.8</ele>
      </trkpt>
      <trkpt lat="52.03193664550781" lon="5.3698039054870605">
        <ele>20.2</ele>
      </trkpt>
      <trkpt lat="52.03208693303168" lon="5.369900465011597">
        <ele>20.63</ele>
      </trkpt>
      <trkpt lat="52.03223713673651" lon="5.369997024536133">
        <ele>21.11</ele>
      </trkpt>
      <trkpt lat="52.03223705291748" lon="5.369997024536133">
        <ele>21.66</ele>
      </trkpt>
      <trkpt lat="52.03249454498291" lon="5.370147228240967">
        <ele>22.42</ele>
      </trkpt>
      <trkpt lat="52.03279495239258" lon="5.3702545166015625">
        <ele>23.43</ele>
      </trkpt>
      <trkpt lat="52.0330096129328" lon="5.370297431945801">
        <ele>24.47</ele>
      </trkpt>
      <trkpt lat="52.03322410583496" lon="5.370340347290039">
        <ele>25.57</ele>
      </trkpt>
      <trkpt lat="52.033453015610576" lon="5.370347471907735">
        <ele>26.65</ele>
      </trkpt>
      <trkpt lat="52.03368200920522" lon="5.370354596525431">
        <ele>27.87</ele>
      </trkpt>
      <trkpt lat="52.03391075134277" lon="5.370361804962158">
        <ele>29.11</ele>
      </trkpt>
      <trkpt lat="52.0341975800693" lon="5.370344873517752">
        <ele>30.44</ele>
      </trkpt>
      <trkpt lat="52.0344843249768" lon="5.370328025892377">
        <ele>31.67</ele>
      </trkpt>
      <trkpt lat="52.03474483452737" lon="5.370312687009573">
        <ele>33.91</ele>
      </trkpt>
      <trkpt lat="52.03500517643988" lon="5.370297431945801">
        <ele>35.01</ele>
      </trkpt>
      <trkpt lat="52.03500509262085" lon="5.370297431945801">
        <ele>36.02</ele>
      </trkpt>
      <trkpt lat="52.03521975316107" lon="5.370290223509073">
        <ele>37.09</ele>
      </trkpt>
      <trkpt lat="52.035434413701296" lon="5.3702830988913774">
        <ele>38.29</ele>
      </trkpt>
      <trkpt lat="52.035648906603456" lon="5.370275974273682">
        <ele>39.39</ele>
      </trkpt>
      <trkpt lat="52.035949397832155" lon="5.370247308164835">
        <ele>40.64</ele>
      </trkpt>
      <trkpt lat="52.036249889060855" lon="5.37021872587502">
        <ele>41.96</ele>
      </trkpt>
      <trkpt lat="52.03655012883246" lon="5.370190143585205">
        <ele>43.1</ele>
      </trkpt>
      <trkpt lat="52.03655004501343" lon="5.370190143585205">
        <ele>44.09</ele>
      </trkpt>
      <trkpt lat="52.036824971437454" lon="5.370117304846644">
        <ele>45.06</ele>
      </trkpt>
      <trkpt lat="52.03709973022342" lon="5.370044633746147">
        <ele>45.96</ele>
      </trkpt>
      <trkpt lat="52.03727960586548" lon="5.369997024536133">
        <ele>47.52</ele>
      </trkpt>
      <trkpt lat="52.03750851564109" lon="5.369989816099405">
        <ele>48.33</ele>
      </trkpt>
      <trkpt lat="52.03773750923574" lon="5.3699826914817095">
        <ele>49.07</ele>
      </trkpt>
      <trkpt lat="52.03796625137329" lon="5.369975566864014">
        <ele>49.64</ele>
      </trkpt>
      <trkpt lat="52.0380521658808" lon="5.37006139755249">
        <ele>50.12</ele>
      </trkpt>
      <trkpt lat="52.03805208206177" lon="5.37006139755249">
        <ele>50.55</ele>
      </trkpt>
      <trkpt lat="52.03827009536326" lon="5.370327522978187">
        <ele>50.89</ele>
      </trkpt>
      <trkpt lat="52.03848810866475" lon="5.370593732222915">
        <ele>51.13</ele>
      </trkpt>
      <trkpt lat="52.03870536759496" lon="5.370858935639262">
        <ele>51.41</ele>
      </trkpt>
      <trkpt lat="52.038955399766564" lon="5.371164120733738">
        <ele>51.97</ele>
      </trkpt>
      <trkpt lat="52.0392055157572" lon="5.371469389647245">
        <ele>52.34</ele>
      </trkpt>
      <trkpt lat="52.03945554792881" lon="5.371774658560753">
        <ele>52.58</ele>
      </trkpt>
      <trkpt lat="52.03970440663397" lon="5.3720784187316895">
        <ele>52.6</ele>
      </trkpt>
      <trkpt lat="52.03970432281494" lon="5.3720784187316895">
        <ele>52.75</ele>
      </trkpt>
      <trkpt lat="52.03972578048706" lon="5.372099876403809">
        <ele>52.87</ele>
      </trkpt>
      <trkpt lat="52.0398654229939" lon="5.372271705418825">
        <ele>52.9</ele>
      </trkpt>
      <trkpt lat="52.04000473022461" lon="5.372443199157715">
        <ele>53.08</ele>
      </trkpt>
      <trkpt lat="52.04004772938788" lon="5.372507572174072">
        <ele>53.23</ele>
      </trkpt>
      <trkpt lat="52.04004764556885" lon="5.372507572174072">
        <ele>53.37</ele>
      </trkpt>
      <trkpt lat="52.04026959836483" lon="5.372786857187748">
        <ele>53.63</ele>
      </trkpt>
      <trkpt lat="52.040491634979844" lon="5.373066142201424">
        <ele>53.79</ele>
      </trkpt>
      <trkpt lat="52.04071283340454" lon="5.373344421386719">
        <ele>53.87</ele>
      </trkpt>
      <trkpt lat="52.04092338681221" lon="5.373679613694549">
        <ele>54.07</ele>
      </trkpt>
      <trkpt lat="52.04113402403891" lon="5.374014973640442">
        <ele>54.25</ele>
      </trkpt>
      <trkpt lat="52.04134466126561" lon="5.3743502497673035">
        <ele>54.31</ele>
      </trkpt>
      <trkpt lat="52.04155529849231" lon="5.374685525894165">
        <ele>54.22</ele>
      </trkpt>
      <trkpt lat="52.04176425933838" lon="5.375018119812012">
        <ele>54.35</ele>
      </trkpt>
      <trkpt lat="52.041850090026855" lon="5.375146865844727">
        <ele>54.37</ele>
      </trkpt>
      <trkpt lat="52.04203633591533" lon="5.375469233840704">
        <ele>54.33</ele>
      </trkpt>
      <trkpt lat="52.04222266562283" lon="5.375791685655713">
        <ele>54.27</ele>
      </trkpt>
      <trkpt lat="52.04240798950195" lon="5.376112461090088">
        <ele>54.09</ele>
      </trkpt>
      <trkpt lat="52.04257973469794" lon="5.376498699188232">
        <ele>53.9</ele>
      </trkpt>
      <trkpt lat="52.04270152375102" lon="5.376842776313424">
        <ele>53.67</ele>
      </trkpt>
      <trkpt lat="52.042823396623135" lon="5.377186853438616">
        <ele>53.42</ele>
      </trkpt>
      <trkpt lat="52.04294443130493" lon="5.377528667449951">
        <ele>53.14</ele>
      </trkpt>
      <trkpt lat="52.04305909574032" lon="5.377937369048595">
        <ele>52.87</ele>
      </trkpt>
      <trkpt lat="52.04317384399474" lon="5.37834607064724">
        <ele>52.54</ele>
      </trkpt>
      <trkpt lat="52.04328775405884" lon="5.378751754760742">
        <ele>52.04</ele>
      </trkpt>
      <trkpt lat="52.04337383620441" lon="5.379149727523327">
        <ele>51.4</ele>
      </trkpt>
      <trkpt lat="52.04345949925482" lon="5.37954568862915">
        <ele>50.63</ele>
      </trkpt>
      <trkpt lat="52.04348095692694" lon="5.379738807678223">
        <ele>49.81</ele>
      </trkpt>
      <trkpt lat="52.043519681319594" lon="5.380030665546656">
        <ele>48.92</ele>
      </trkpt>
      <trkpt lat="52.043558321893215" lon="5.380321014672518">
        <ele>47.95</ele>
      </trkpt>
      <trkpt lat="52.04362403601408" lon="5.380815463140607">
        <ele>45.68</ele>
      </trkpt>
      <trkpt lat="52.04368983395398" lon="5.381309995427728">
        <ele>44.36</ele>
      </trkpt>
      <trkpt lat="52.04375563189387" lon="5.381804443895817">
        <ele>42.99</ele>
      </trkpt>
      <trkpt lat="52.04382134601474" lon="5.382298976182938">
        <ele>41.55</ele>
      </trkpt>
      <trkpt lat="52.043887143954635" lon="5.382793508470058">
        <ele>40.17</ele>
      </trkpt>
      <trkpt lat="52.04395294189453" lon="5.3832879569381475">
        <ele>38.69</ele>
      </trkpt>
      <trkpt lat="52.04401739872992" lon="5.383772850036621">
        <ele>37.1</ele>
      </trkpt>
      <trkpt lat="52.04401731491089" lon="5.383772850036621">
        <ele>35.71</ele>
      </trkpt>
      <trkpt lat="52.04409409314394" lon="5.3842430748045444">
        <ele>34.19</ele>
      </trkpt>
      <trkpt lat="52.04417095519602" lon="5.3847133833914995">
        <ele>32.75</ele>
      </trkpt>
      <trkpt lat="52.044247817248106" lon="5.385183691978455">
        <ele>31.36</ele>
      </trkpt>
      <trkpt lat="52.04432467930019" lon="5.38565400056541">
        <ele>30.05</ele>
      </trkpt>
      <trkpt lat="52.04440154135227" lon="5.386124225333333">
        <ele>28.72</ele>
      </trkpt>
      <trkpt lat="52.044478403404355" lon="5.386594533920288">
        <ele>27.48</ele>
      </trkpt>
      <trkpt lat="52.04455375671387" lon="5.38705587387085">
        <ele>26.23</ele>
      </trkpt>
      <trkpt lat="52.04461402259767" lon="5.387537833303213">
        <ele>25.02</ele>
      </trkpt>
      <trkpt lat="52.044674288481474" lon="5.388019876554608">
        <ele>23.9</ele>
      </trkpt>
      <trkpt lat="52.04473455436528" lon="5.388501835986972">
        <ele>22.86</ele>
      </trkpt>
      <trkpt lat="52.04479482024908" lon="5.388983879238367">
        <ele>21.95</ele>
      </trkpt>
      <trkpt lat="52.04485424794257" lon="5.389459133148193">
        <ele>21.03</ele>
      </trkpt>
      <trkpt lat="52.044854164123535" lon="5.389459133148193">
        <ele>20.24</ele>
      </trkpt>
      <trkpt lat="52.04493999481201" lon="5.389759540557861">
        <ele>19.44</ele>
      </trkpt>
      <trkpt lat="52.0451476983726" lon="5.390096241608262">
        <ele>18.69</ele>
      </trkpt>
      <trkpt lat="52.045355485752225" lon="5.390432942658663">
        <ele>18.0</ele>
      </trkpt>
      <trkpt lat="52.04556327313185" lon="5.3907696437090635">
        <ele>17.51</ele>
      </trkpt>
      <trkpt lat="52.04577106051147" lon="5.391106344759464">
        <ele>17.04</ele>
      </trkpt>
      <trkpt lat="52.04597876407206" lon="5.391443045809865">
        <ele>16.52</ele>
      </trkpt>
      <trkpt lat="52.04618655145168" lon="5.391779746860266">
        <ele>16.04</ele>
      </trkpt>
      <trkpt lat="52.046394338831306" lon="5.392116531729698">
        <ele>15.7</ele>
      </trkpt>
      <trkpt lat="52.04660212621093" lon="5.392453232780099">
        <ele>15.36</ele>
      </trkpt>
      <trkpt lat="52.04680681228638" lon="5.39278507232666">
        <ele>15.16</ele>
      </trkpt>
      <trkpt lat="52.046914184466004" lon="5.393106937408447">
        <ele>14.27</ele>
      </trkpt>
      <trkpt lat="52.04713437706232" lon="5.393450763076544">
        <ele>14.01</ele>
      </trkpt>
      <trkpt lat="52.04735465347767" lon="5.39379458874464">
        <ele>13.74</ele>
      </trkpt>
      <trkpt lat="52.04757492989302" lon="5.394138498231769">
        <ele>13.59</ele>
      </trkpt>
      <trkpt lat="52.04779386520386" lon="5.394480228424072">
        <ele>13.52</ele>
      </trkpt>
      <trkpt lat="52.04790115356445" lon="5.3948235511779785">
        <ele>13.52</ele>
      </trkpt>
      <trkpt lat="52.04794415272772" lon="5.395209789276123">
        <ele>13.53</ele>
      </trkpt>
      <trkpt lat="52.04794406890869" lon="5.395209789276123">
        <ele>13.59</ele>
      </trkpt>
      <trkpt lat="52.04790098592639" lon="5.395701639354229">
        <ele>13.73</ele>
      </trkpt>
      <trkpt lat="52.04785798676312" lon="5.396193489432335">
        <ele>13.93</ele>
      </trkpt>
      <trkpt lat="52.04781498759985" lon="5.396685339510441">
        <ele>14.09</ele>
      </trkpt>
      <trkpt lat="52.04777190461755" lon="5.3971772734075785">
        <ele>14.22</ele>
      </trkpt>
      <trkpt lat="52.04772890545428" lon="5.397669123485684">
        <ele>14.4</ele>
      </trkpt>
      <trkpt lat="52.04768590629101" lon="5.39816097356379">
        <ele>14.59</ele>
      </trkpt>
      <trkpt lat="52.047643745318055" lon="5.3986430168151855">
        <ele>14.84</ele>
      </trkpt>
      <trkpt lat="52.04764366149902" lon="5.3986430168151855">
        <ele>14.98</ele>
      </trkpt>
      <trkpt lat="52.047614911571145" lon="5.399051886051893">
        <ele>15.17</ele>
      </trkpt>
      <trkpt lat="52.0475862454623" lon="5.399460755288601">
        <ele>15.26</ele>
      </trkpt>
      <trkpt lat="52.04755783081055" lon="5.399866104125977">
        <ele>15.27</ele>
      </trkpt>
      <trkpt lat="52.047622203826904" lon="5.399866104125977">
        <ele>15.36</ele>
      </trkpt>
      <trkpt lat="52.04777240753174" lon="5.399866104125977">
        <ele>15.38</ele>
      </trkpt>
      <trkpt lat="52.047908613458276" lon="5.3994932770729065">
        <ele>15.44</ele>
      </trkpt>
      <trkpt lat="52.04804481938481" lon="5.399120533838868">
        <ele>15.51</ele>
      </trkpt>
      <trkpt lat="52.048180187121034" lon="5.398750305175781">
        <ele>15.63</ele>
      </trkpt>
      <trkpt lat="52.04832762479782" lon="5.3983293659985065">
        <ele>15.75</ele>
      </trkpt>
      <trkpt lat="52.04847514629364" lon="5.397908426821232">
        <ele>15.75</ele>
      </trkpt>
      <trkpt lat="52.04862258397043" lon="5.397487487643957">
        <ele>15.64</ele>
      </trkpt>
      <trkpt lat="52.04877010546625" lon="5.397066632285714">
        <ele>15.61</ele>
      </trkpt>
      <trkpt lat="52.048917543143034" lon="5.3966456931084394">
        <ele>15.48</ele>
      </trkpt>
      <trkpt lat="52.04906506463885" lon="5.396224753931165">
        <ele>15.31</ele>
      </trkpt>
      <trkpt lat="52.04921015538275" lon="5.395810604095459">
        <ele>15.12</ele>
      </trkpt>
      <trkpt lat="52.04921007156372" lon="5.395810604095459">
        <ele>15.09</ele>
      </trkpt>
      <trkpt lat="52.04935021698475" lon="5.39540751837194">
        <ele>15.09</ele>
      </trkpt>
      <trkpt lat="52.04949036240578" lon="5.395004516467452">
        <ele>15.17</ele>
      </trkpt>
      <trkpt lat="52.04963059164584" lon="5.394601514562964">
        <ele>15.28</ele>
      </trkpt>
      <trkpt lat="52.049770737066865" lon="5.394198512658477">
        <ele>15.39</ele>
      </trkpt>
      <trkpt lat="52.049910966306925" lon="5.393795510753989">
        <ele>15.48</ele>
      </trkpt>
      <trkpt lat="52.05005111172795" lon="5.393392508849502">
        <ele>15.49</ele>
      </trkpt>
      <trkpt lat="52.05018907785416" lon="5.392995961010456">
        <ele>15.57</ele>
      </trkpt>
      <trkpt lat="52.05033089965582" lon="5.392588181421161">
        <ele>15.53</ele>
      </trkpt>
      <trkpt lat="52.05047272145748" lon="5.392180485650897">
        <ele>15.47</ele>
      </trkpt>
      <trkpt lat="52.050614543259144" lon="5.391772789880633">
        <ele>15.45</ele>
      </trkpt>
      <trkpt lat="52.05075510777533" lon="5.391368865966797">
        <ele>15.37</ele>
      </trkpt>
      <trkpt lat="52.050898438319564" lon="5.3909387066960335">
        <ele>15.26</ele>
      </trkpt>
      <trkpt lat="52.0510417688638" lon="5.39050854742527">
        <ele>15.23</ele>
      </trkpt>
      <trkpt lat="52.05118417739868" lon="5.390081405639648">
        <ele>15.27</ele>
      </trkpt>
      <trkpt lat="52.05131317488849" lon="5.3897265158593655">
        <ele>15.33</ele>
      </trkpt>
      <trkpt lat="52.05144225619733" lon="5.3893716260790825">
        <ele>15.38</ele>
      </trkpt>
      <trkpt lat="52.051571337506175" lon="5.389016820117831">
        <ele>15.43</ele>
      </trkpt>
      <trkpt lat="52.05169924534857" lon="5.388665199279785">
        <ele>15.4</ele>
      </trkpt>
      <trkpt lat="52.051849784329534" lon="5.388235040009022">
        <ele>15.37</ele>
      </trkpt>
      <trkpt lat="52.052000323310494" lon="5.387804880738258">
        <ele>15.25</ele>
      </trkpt>
      <trkpt lat="52.052150862291455" lon="5.387374721467495">
        <ele>15.08</ele>
      </trkpt>
      <trkpt lat="52.052301401272416" lon="5.386944646015763">
        <ele>14.98</ele>
      </trkpt>
      <trkpt lat="52.05245194025338" lon="5.386514486745">
        <ele>14.87</ele>
      </trkpt>
      <trkpt lat="52.05260046757758" lon="5.386090278625488">
        <ele>14.73</ele>
      </trkpt>
      <trkpt lat="52.052733739838004" lon="5.385733209550381">
        <ele>14.66</ele>
      </trkpt>
      <trkpt lat="52.05286709591746" lon="5.385376224294305">
        <ele>14.54</ele>
      </trkpt>
      <trkpt lat="52.05300045199692" lon="5.385019239038229">
        <ele>14.43</ele>
      </trkpt>
      <trkpt lat="52.05313380807638" lon="5.384662253782153">
        <ele>14.38</ele>
      </trkpt>
      <trkpt lat="52.05326565541327" lon="5.3843092918396">
        <ele>14.31</ele>
      </trkpt>
      <trkpt lat="52.05326557159424" lon="5.3843092918396">
        <ele>14.28</ele>
      </trkpt>
      <trkpt lat="52.05342147499323" lon="5.383889861404896">
        <ele>14.2</ele>
      </trkpt>
      <trkpt lat="52.05357737839222" lon="5.383470514789224">
        <ele>14.2</ele>
      </trkpt>
      <trkpt lat="52.05373336561024" lon="5.383051168173552">
        <ele>14.28</ele>
      </trkpt>
      <trkpt lat="52.053887927904725" lon="5.382635593414307">
        <ele>14.36</ele>
      </trkpt>
      <trkpt lat="52.05402748659253" lon="5.382495950907469">
        <ele>14.38</ele>
      </trkpt>
      <trkpt lat="52.054166877642274" lon="5.382356643676758">
        <ele>14.37</ele>
      </trkpt>
      <trkpt lat="52.0543815381825" lon="5.38216327317059">
        <ele>14.36</ele>
      </trkpt>
      <trkpt lat="52.054595947265625" lon="5.381970405578613">
        <ele>14.41</ele>
      </trkpt>
      <trkpt lat="52.05474623478949" lon="5.381777286529541">
        <ele>14.44</ele>
      </trkpt>
      <trkpt lat="52.054853439331055" lon="5.381648540496826">
        <ele>14.44</ele>
      </trkpt>
      <trkpt lat="52.05497162416577" lon="5.381444273516536">
        <ele>14.46</ele>
      </trkpt>
      <trkpt lat="52.055089473724365" lon="5.3812408447265625">
        <ele>14.47</ele>
      </trkpt>
      <trkpt lat="52.0551963429898" lon="5.38098762743175">
        <ele>14.44</ele>
      </trkpt>
      <trkpt lat="52.05530287697911" lon="5.38073549978435">
        <ele>14.44</ele>
      </trkpt>
      <trkpt lat="52.055400190874934" lon="5.38050482980907">
        <ele>14.34</ele>
      </trkpt>
      <trkpt lat="52.05549716949463" lon="5.380275249481201">
        <ele>14.28</ele>
      </trkpt>
      <trkpt lat="52.055276138707995" lon="5.3799897618591785">
        <ele>14.17</ele>
      </trkpt>
      <trkpt lat="52.05505510792136" lon="5.379704274237156">
        <ele>14.1</ele>
      </trkpt>
      <trkpt lat="52.05483416095376" lon="5.379418786615133">
        <ele>14.04</ele>
      </trkpt>
      <trkpt lat="52.05461313016713" lon="5.379133298993111">
        <ele>13.97</ele>
      </trkpt>
      <trkpt lat="52.054392183199525" lon="5.378847811371088">
        <ele>13.85</ele>
      </trkpt>
      <trkpt lat="52.05417115241289" lon="5.378562323749065">
        <ele>13.69</ele>
      </trkpt>
      <trkpt lat="52.05395230092108" lon="5.378279685974121">
        <ele>13.55</ele>
      </trkpt>
      <trkpt lat="52.05375884659588" lon="5.378032587468624">
        <ele>13.48</ele>
      </trkpt>
      <trkpt lat="52.053565979003906" lon="5.377786159515381">
        <ele>13.52</ele>
      </trkpt>
      <trkpt lat="52.053338158875704" lon="5.377472341060638">
        <ele>13.64</ele>
      </trkpt>
      <trkpt lat="52.05311042256653" lon="5.377158606424928">
        <ele>13.64</ele>
      </trkpt>
      <trkpt lat="52.05288268625736" lon="5.376844871789217">
        <ele>13.68</ele>
      </trkpt>
      <trkpt lat="52.05265486612916" lon="5.376531137153506">
        <ele>13.79</ele>
      </trkpt>
      <trkpt lat="52.05242880620062" lon="5.376219749450684">
        <ele>14.03</ele>
      </trkpt>
      <trkpt lat="52.052278351038694" lon="5.376015566289425">
        <ele>14.34</ele>
      </trkpt>
      <trkpt lat="52.052128398790956" lon="5.37581205368042">
        <ele>14.71</ele>
      </trkpt>
      <trkpt lat="52.051956737414" lon="5.375576019287109">
        <ele>15.15</ele>
      </trkpt>
      <trkpt lat="52.05205237492919" lon="5.375367645174265">
        <ele>15.26</ele>
      </trkpt>
      <trkpt lat="52.05214776098728" lon="5.375160109251738">
        <ele>15.42</ele>
      </trkpt>
      <trkpt lat="52.05232151784003" lon="5.374782085418701">
        <ele>15.84</ele>
      </trkpt>
      <trkpt lat="52.05252209678292" lon="5.374395092949271">
        <ele>16.08</ele>
      </trkpt>
      <trkpt lat="52.05272275954485" lon="5.374008100479841">
        <ele>16.37</ele>
      </trkpt>
      <trkpt lat="52.052922332659364" lon="5.373623371124268">
        <ele>16.66</ele>
      </trkpt>
      <trkpt lat="52.05292224884033" lon="5.373623371124268">
        <ele>16.92</ele>
      </trkpt>
      <trkpt lat="52.0529652480036" lon="5.37355899810791">
        <ele>17.2</ele>
      </trkpt>
      <trkpt lat="52.05296516418457" lon="5.37355899810791">
        <ele>17.45</ele>
      </trkpt>
      <trkpt lat="52.053093910217285" lon="5.373258590698242">
        <ele>17.84</ele>
      </trkpt>
      <trkpt lat="52.053179908543825" lon="5.372835388407111">
        <ele>18.13</ele>
      </trkpt>
      <trkpt lat="52.0532659906894" lon="5.372412269935012">
        <ele>18.43</ele>
      </trkpt>
      <trkpt lat="52.053351402282715" lon="5.371992588043213">
        <ele>18.63</ele>
      </trkpt>
      <trkpt lat="52.053480399772525" lon="5.371680781245232">
        <ele>18.82</ele>
      </trkpt>
      <trkpt lat="52.053608978167176" lon="5.371370315551758">
        <ele>18.93</ele>
      </trkpt>
      <trkpt lat="52.05375230871141" lon="5.371054904535413">
        <ele>19.01</ele>
      </trkpt>
      <trkpt lat="52.05389563925564" lon="5.3707395773380995">
        <ele>19.0</ele>
      </trkpt>
      <trkpt lat="52.05403813160956" lon="5.370426177978516">
        <ele>19.0</ele>
      </trkpt>
      <trkpt lat="52.05419931560755" lon="5.370114454999566">
        <ele>19.06</ele>
      </trkpt>
      <trkpt lat="52.05436058342457" lon="5.3698027320206165">
        <ele>19.12</ele>
      </trkpt>
      <trkpt lat="52.05452176742256" lon="5.369491009041667">
        <ele>19.1</ele>
      </trkpt>
      <trkpt lat="52.05468186177313" lon="5.3691816329956055">
        <ele>19.17</ele>
      </trkpt>
      <trkpt lat="52.05483231693506" lon="5.368902096524835">
        <ele>19.32</ele>
      </trkpt>
      <trkpt lat="52.05498277209699" lon="5.3686226438730955">
        <ele>19.49</ele>
      </trkpt>
      <trkpt lat="52.055132472887635" lon="5.368344783782959">
        <ele>19.61</ele>
      </trkpt>
      <trkpt lat="52.055315198376775" lon="5.367979248985648">
        <ele>19.69</ele>
      </trkpt>
      <trkpt lat="52.055497923865914" lon="5.367613798007369">
        <ele>19.68</ele>
      </trkpt>
      <trkpt lat="52.055680649355054" lon="5.36724834702909">
        <ele>19.66</ele>
      </trkpt>
      <trkpt lat="52.055862033739686" lon="5.366885662078857">
        <ele>19.8</ele>
      </trkpt>
      <trkpt lat="52.056023217737675" lon="5.3665846679359674">
        <ele>20.04</ele>
      </trkpt>
      <trkpt lat="52.05618389882147" lon="5.3662848472595215">
        <ele>20.26</ele>
      </trkpt>
      <trkpt lat="52.05620535649359" lon="5.366241931915283">
        <ele>20.4</ele>
      </trkpt>
      <trkpt lat="52.056409288197756" lon="5.366091560572386">
        <ele>20.6</ele>
      </trkpt>
      <trkpt lat="52.056613052263856" lon="5.365941524505615">
        <ele>20.78</ele>
      </trkpt>
      <trkpt lat="52.05686149187386" lon="5.365757457911968">
        <ele>20.91</ele>
      </trkpt>
      <trkpt lat="52.0571100153029" lon="5.3655733074992895">
        <ele>20.87</ele>
      </trkpt>
      <trkpt lat="52.05735853873193" lon="5.3653892409056425">
        <ele>20.83</ele>
      </trkpt>
      <trkpt lat="52.05760697834194" lon="5.3652051743119955">
        <ele>20.93</ele>
      </trkpt>
      <trkpt lat="52.05785550177097" lon="5.3650211077183485">
        <ele>21.04</ele>
      </trkpt>
      <trkpt lat="52.05810402520001" lon="5.3648370411247015">
        <ele>21.07</ele>
      </trkpt>
      <trkpt lat="52.058351123705506" lon="5.364654064178467">
        <ele>21.02</ele>
      </trkpt>
      <trkpt lat="52.05858011730015" lon="5.364489359781146">
        <ele>21.02</ele>
      </trkpt>
      <trkpt lat="52.05880919471383" lon="5.364324739202857">
        <ele>21.13</ele>
      </trkpt>
      <trkpt lat="52.05903776921332" lon="5.364160537719727">
        <ele>21.18</ele>
      </trkpt>
      <trkpt lat="52.05903768539429" lon="5.364160537719727">
        <ele>21.11</ele>
      </trkpt>
      <trkpt lat="52.0593168027699" lon="5.363960042595863">
        <ele>21.01</ele>
      </trkpt>
      <trkpt lat="52.05959600396454" lon="5.363759631291032">
        <ele>20.93</ele>
      </trkpt>
      <trkpt lat="52.059874618425965" lon="5.363559722900391">
        <ele>20.76</ele>
      </trkpt>
      <trkpt lat="52.06014300696552" lon="5.363355623558164">
        <ele>20.53</ele>
      </trkpt>
      <trkpt lat="52.06041097640991" lon="5.363152027130127">
        <ele>20.27</ele>
      </trkpt>
      <trkpt lat="52.06053980626166" lon="5.363001823425293">
        <ele>19.93</ele>
      </trkpt>
      <trkpt lat="52.06070459447801" lon="5.362722370773554">
        <ele>19.52</ele>
      </trkpt>
      <trkpt lat="52.060869382694364" lon="5.362442918121815">
        <ele>19.06</ele>
      </trkpt>
      <trkpt lat="52.0610333327204" lon="5.3621649742126465">
        <ele>18.65</ele>
      </trkpt>
      <trkpt lat="52.06118378788233" lon="5.3619069792330265">
        <ele>18.27</ele>
      </trkpt>
      <trkpt lat="52.06133374013007" lon="5.361649990081787">
        <ele>17.94</ele>
      </trkpt>
      <trkpt lat="52.06141957081854" lon="5.361478328704834">
        <ele>17.56</ele>
      </trkpt>
      <trkpt lat="52.061591148376465" lon="5.361199378967285">
        <ele>17.16</ele>
      </trkpt>
      <trkpt lat="52.061773873865604" lon="5.360876927152276">
        <ele>16.77</ele>
      </trkpt>
      <trkpt lat="52.06195601262152" lon="5.360555648803711">
        <ele>16.48</ele>
      </trkpt>
      <trkpt lat="52.062135050073266" lon="5.3602618630975485">
        <ele>16.2</ele>
      </trkpt>
      <trkpt lat="52.06231417134404" lon="5.359968161210418">
        <ele>15.84</ele>
      </trkpt>
      <trkpt lat="52.0624924544245" lon="5.359675884246826">
        <ele>15.46</ele>
      </trkpt>
      <trkpt lat="52.06249237060547" lon="5.359675884246826">
        <ele>15.18</ele>
      </trkpt>
      <trkpt lat="52.06269286572933" lon="5.359468180686235">
        <ele>14.84</ele>
      </trkpt>
      <trkpt lat="52.062893360853195" lon="5.359260560944676">
        <ele>14.6</ele>
      </trkpt>
      <trkpt lat="52.063093269243836" lon="5.359053611755371">
        <ele>14.39</ele>
      </trkpt>
      <trkpt lat="52.06326484680176" lon="5.35883903503418">
        <ele>14.26</ele>
      </trkpt>
      <trkpt lat="52.06339359283447" lon="5.358538627624512">
        <ele>14.16</ele>
      </trkpt>
      <trkpt lat="52.06344312988222" lon="5.358376605436206">
        <ele>13.99</ele>
      </trkpt>
      <trkpt lat="52.06353658810258" lon="5.358070582151413">
        <ele>13.65</ele>
      </trkpt>
      <trkpt lat="52.06362962722778" lon="5.357766151428223">
        <ele>13.43</ele>
      </trkpt>
      <trkpt lat="52.06373699940741" lon="5.357401371002197">
        <ele>13.26</ele>
      </trkpt>
      <trkpt lat="52.06373691558838" lon="5.357401371002197">
        <ele>13.1</ele>
      </trkpt>
      <trkpt lat="52.06401586532593" lon="5.357551574707031">
        <ele>12.95</ele>
      </trkpt>
      <trkpt lat="52.06432348117232" lon="5.357479993253946">
        <ele>12.87</ele>
      </trkpt>
      <trkpt lat="52.06463118083775" lon="5.357408411800861">
        <ele>12.81</ele>
      </trkpt>
      <trkpt lat="52.06493854522705" lon="5.35733699798584">
        <ele>12.58</ele>
      </trkpt>
      <trkpt lat="52.065209029242396" lon="5.357328364625573">
        <ele>12.3</ele>
      </trkpt>
      <trkpt lat="52.06547951325774" lon="5.357319815084338">
        <ele>12.15</ele>
      </trkpt>
      <trkpt lat="52.06574999727309" lon="5.3573111817240715">
        <ele>12.06</ele>
      </trkpt>
      <trkpt lat="52.06602048128843" lon="5.3573026321828365">
        <ele>12.0</ele>
      </trkpt>
      <trkpt lat="52.06629046238959" lon="5.357294082641602">
        <ele>11.96</ele>
      </trkpt>
      <trkpt lat="52.06660168245435" lon="5.35733699798584">
        <ele>11.92</ele>
      </trkpt>
      <trkpt lat="52.06691273488104" lon="5.357379913330078">
        <ele>11.9</ele>
      </trkpt>
      <trkpt lat="52.06691265106201" lon="5.357379913330078">
        <ele>11.99</ele>
      </trkpt>
      <trkpt lat="52.06718095578253" lon="5.357487201690674">
        <ele>12.14</ele>
      </trkpt>
      <trkpt lat="52.06744909286499" lon="5.3575944900512695">
        <ele>12.35</ele>
      </trkpt>
      <trkpt lat="52.06747055053711" lon="5.357272624969482">
        <ele>12.63</ele>
      </trkpt>
      <trkpt lat="52.06747055053711" lon="5.357143878936768">
        <ele>12.94</ele>
      </trkpt>
      <trkpt lat="52.06747055053711" lon="5.357015132904053">
        <ele>13.29</ele>
      </trkpt>
      <trkpt lat="52.06751346588135" lon="5.356864929199219">
        <ele>13.73</ele>
      </trkpt>
      <trkpt lat="52.06762075424194" lon="5.356864929199219">
        <ele>14.22</ele>
      </trkpt>
      <trkpt lat="52.0677924156189" lon="5.3568541165441275">
        <ele>14.77</ele>
      </trkpt>
      <trkpt lat="52.06796407699585" lon="5.3568434715271">
        <ele>15.32</ele>
      </trkpt>
      <trkpt lat="52.06800699234009" lon="5.356779098510742">
        <ele>15.86</ele>
      </trkpt>
      <trkpt lat="52.06801772117615" lon="5.356434769928455">
        <ele>16.49</ele>
      </trkpt>
      <trkpt lat="52.06802845001221" lon="5.35609245300293">
        <ele>17.1</ele>
      </trkpt>
      <trkpt lat="52.068006908521056" lon="5.355791123583913">
        <ele>17.75</ele>
      </trkpt>
      <trkpt lat="52.06798553466797" lon="5.355491638183594">
        <ele>18.42</ele>
      </trkpt>
      <trkpt lat="52.0679771527648" lon="5.355165163055062">
        <ele>19.04</ele>
      </trkpt>
      <trkpt lat="52.06797061488032" lon="5.3549091797322035">
        <ele>20.19</ele>
      </trkpt>
      <trkpt lat="52.06796416081488" lon="5.354654788970947">
        <ele>20.82</ele>
      </trkpt>
      <trkpt lat="52.06796407699585" lon="5.354654788970947">
        <ele>21.37</ele>
      </trkpt>
      <trkpt lat="52.06816826015711" lon="5.354310879483819">
        <ele>21.94</ele>
      </trkpt>
      <trkpt lat="52.068371856585145" lon="5.353968143463135">
        <ele>22.54</ele>
      </trkpt>
      <trkpt lat="52.06851149909198" lon="5.353731689974666">
        <ele>23.11</ele>
      </trkpt>
      <trkpt lat="52.068650806322694" lon="5.353496074676514">
        <ele>23.59</ele>
      </trkpt>
      <trkpt lat="52.06885490566492" lon="5.353141352534294">
        <ele>24.0</ele>
      </trkpt>
      <trkpt lat="52.069058418273926" lon="5.352787971496582">
        <ele>24.45</ele>
      </trkpt>
      <trkpt lat="52.06925447098911" lon="5.352457473054528">
        <ele>24.89</ele>
      </trkpt>
      <trkpt lat="52.06945060752332" lon="5.352126974612474">
        <ele>25.34</ele>
      </trkpt>
      <trkpt lat="52.069646744057536" lon="5.351796559989452">
        <ele>25.7</ele>
      </trkpt>
      <trkpt lat="52.06984288059175" lon="5.351466061547399">
        <ele>26.09</ele>
      </trkpt>
      <trkpt lat="52.070039017125964" lon="5.3511356469243765">
        <ele>26.51</ele>
      </trkpt>
      <trkpt lat="52.07023515366018" lon="5.350805148482323">
        <ele>26.9</ele>
      </trkpt>
      <trkpt lat="52.07043129019439" lon="5.350474650040269">
        <ele>27.33</ele>
      </trkpt>
      <trkpt lat="52.07062482833862" lon="5.350148677825928">
        <ele>27.82</ele>
      </trkpt>
      <trkpt lat="52.070649387314916" lon="5.3496751841157675">
        <ele>28.38</ele>
      </trkpt>
      <trkpt lat="52.07067394629121" lon="5.349201774224639">
        <ele>28.95</ele>
      </trkpt>
      <trkpt lat="52.07069858908653" lon="5.348728280514479">
        <ele>29.43</ele>
      </trkpt>
      <trkpt lat="52.070723148062825" lon="5.34825487062335">
        <ele>29.83</ele>
      </trkpt>
      <trkpt lat="52.07074779085815" lon="5.347781460732222">
        <ele>30.24</ele>
      </trkpt>
      <trkpt lat="52.07077234983444" lon="5.347307967022061">
        <ele>30.66</ele>
      </trkpt>
      <trkpt lat="52.070796489715576" lon="5.34684419631958">
        <ele>31.04</ele>
      </trkpt>
      <trkpt lat="52.070839405059814" lon="5.346651077270508">
        <ele>31.42</ele>
      </trkpt>
      <trkpt lat="52.070839488878846" lon="5.346651077270508">
        <ele>31.87</ele>
      </trkpt>
      <trkpt lat="52.070860946550965" lon="5.3466081619262695">
        <ele>32.33</ele>
      </trkpt>
      <trkpt lat="52.07094669342041" lon="5.34658670425415">
        <ele>32.81</ele>
      </trkpt>
      <trkpt lat="52.07119354046881" lon="5.3465651627629995">
        <ele>33.33</ele>
      </trkpt>
      <trkpt lat="52.07144030369818" lon="5.346543788909912">
        <ele>33.97</ele>
      </trkpt>
      <trkpt lat="52.07148313522339" lon="5.346479415893555">
        <ele>34.58</ele>
      </trkpt>
      <trkpt lat="52.07156921736896" lon="5.346178254112601">
        <ele>35.24</ele>
      </trkpt>
      <trkpt lat="52.07165488041937" lon="5.345878601074219">
        <ele>35.98</ele>
      </trkpt>
      <trkpt lat="52.07176233641803" lon="5.3455128986388445">
        <ele>36.76</ele>
      </trkpt>
      <trkpt lat="52.07186987623572" lon="5.34514719620347">
        <ele>37.57</ele>
      </trkpt>
      <trkpt lat="52.07197666168213" lon="5.344784259796143">
        <ele>38.43</ele>
      </trkpt>
      <trkpt lat="52.07197674550116" lon="5.344784259796143">
        <ele>39.21</ele>
      </trkpt>
      <trkpt lat="52.07209350541234" lon="5.3443816769868135">
        <ele>40.04</ele>
      </trkpt>
      <trkpt lat="52.07221026532352" lon="5.3439790941774845">
        <ele>40.85</ele>
      </trkpt>
      <trkpt lat="52.0723270252347" lon="5.343576595187187">
        <ele>41.68</ele>
      </trkpt>
      <trkpt lat="52.07244378514588" lon="5.343174012377858">
        <ele>42.54</ele>
      </trkpt>
      <trkpt lat="52.07256054505706" lon="5.342771513387561">
        <ele>43.39</ele>
      </trkpt>
      <trkpt lat="52.07267738878727" lon="5.342368930578232">
        <ele>44.23</ele>
      </trkpt>
      <trkpt lat="52.07279213704169" lon="5.341973304748535">
        <ele>44.98</ele>
      </trkpt>
      <trkpt lat="52.072856426239014" lon="5.341651439666748">
        <ele>45.63</ele>
      </trkpt>
      <trkpt lat="52.072856510058045" lon="5.341651439666748">
        <ele>46.14</ele>
      </trkpt>
      <trkpt lat="52.07298517227173" lon="5.34135103225708">
        <ele>46.56</ele>
      </trkpt>
      <trkpt lat="52.07306044176221" lon="5.341039057821035">
        <ele>46.88</ele>
      </trkpt>
      <trkpt lat="52.07313537597656" lon="5.340728759765625">
        <ele>47.17</ele>
      </trkpt>
      <trkpt lat="52.07316404208541" lon="5.340384431183338">
        <ele>47.35</ele>
      </trkpt>
      <trkpt lat="52.073192708194256" lon="5.340040102601051">
        <ele>47.5</ele>
      </trkpt>
      <trkpt lat="52.07322120666504" lon="5.339698791503906">
        <ele>47.57</ele>
      </trkpt>
      <trkpt lat="52.07327493466437" lon="5.33938673324883">
        <ele>47.56</ele>
      </trkpt>
      <trkpt lat="52.073328495025635" lon="5.339076519012451">
        <ele>47.46</ele>
      </trkpt>
      <trkpt lat="52.07348615862429" lon="5.338696567341685">
        <ele>47.22</ele>
      </trkpt>
      <trkpt lat="52.07364382222295" lon="5.338316699489951">
        <ele>46.94</ele>
      </trkpt>
      <trkpt lat="52.073800563812256" lon="5.337939262390137">
        <ele>46.71</ele>
      </trkpt>
      <trkpt lat="52.07392235286534" lon="5.337609434500337">
        <ele>46.44</ele>
      </trkpt>
      <trkpt lat="52.07404422573745" lon="5.337279690429568">
        <ele>46.13</ele>
      </trkpt>
      <trkpt lat="52.07416534423828" lon="5.336952209472656">
        <ele>45.81</ele>
      </trkpt>
      <trkpt lat="52.074287217110395" lon="5.336572173982859">
        <ele>45.48</ele>
      </trkpt>
      <trkpt lat="52.07440908998251" lon="5.336192222312093">
        <ele>45.05</ele>
      </trkpt>
      <trkpt lat="52.07453012466431" lon="5.335814952850342">
        <ele>44.51</ele>
      </trkpt>
      <trkpt lat="52.07463045604527" lon="5.3353344183415174">
        <ele>44.01</ele>
      </trkpt>
      <trkpt lat="52.074730871245265" lon="5.334853883832693">
        <ele>43.6</ele>
      </trkpt>
      <trkpt lat="52.074830532073975" lon="5.334377288818359">
        <ele>43.13</ele>
      </trkpt>
      <trkpt lat="52.07498090341687" lon="5.33415156416595">
        <ele>42.47</ele>
      </trkpt>
      <trkpt lat="52.07513093948364" lon="5.333926677703857">
        <ele>41.78</ele>
      </trkpt>
      <trkpt lat="52.0752383954823" lon="5.333668598905206">
        <ele>41.14</ele>
      </trkpt>
      <trkpt lat="52.075345516204834" lon="5.333411693572998">
        <ele>40.59</ele>
      </trkpt>
      <trkpt lat="52.075581550598145" lon="5.33311128616333">
        <ele>40.05</ele>
      </trkpt>
      <trkpt lat="52.07576410844922" lon="5.332928644493222">
        <ele>39.51</ele>
      </trkpt>
      <trkpt lat="52.07594633102417" lon="5.332746505737305">
        <ele>38.93</ele>
      </trkpt>
      <trkpt lat="52.07602160051465" lon="5.332300001755357">
        <ele>38.34</ele>
      </trkpt>
      <trkpt lat="52.07609695382416" lon="5.331853497773409">
        <ele>37.71</ele>
      </trkpt>
      <trkpt lat="52.076172307133675" lon="5.331407077610493">
        <ele>37.05</ele>
      </trkpt>
      <trkpt lat="52.07624682225287" lon="5.330965518951416">
        <ele>36.37</ele>
      </trkpt>
      <trkpt lat="52.07628973759711" lon="5.330631919205189">
        <ele>35.71</ele>
      </trkpt>
      <trkpt lat="52.076332569122314" lon="5.330300331115723">
        <ele>35.06</ele>
      </trkpt>
      <trkpt lat="52.076354026794434" lon="5.330257415771484">
        <ele>34.5</ele>
      </trkpt>
      <trkpt lat="52.076354110613465" lon="5.330257415771484">
        <ele>33.97</ele>
      </trkpt>
      <trkpt lat="52.076407838612795" lon="5.32998844049871">
        <ele>33.39</ele>
      </trkpt>
      <trkpt lat="52.07646139897406" lon="5.329720973968506">
        <ele>32.89</ele>
      </trkpt>
      <trkpt lat="52.07653658464551" lon="5.329236835241318">
        <ele>32.41</ele>
      </trkpt>
      <trkpt lat="52.07661151885986" lon="5.3287553787231445">
        <ele>31.94</ele>
      </trkpt>
      <trkpt lat="52.076633060351014" lon="5.328347682952881">
        <ele>31.44</ele>
      </trkpt>
      <trkpt lat="52.07671880722046" lon="5.32811164855957">
        <ele>31.02</ele>
      </trkpt>
      <trkpt lat="52.07669743336737" lon="5.3278326988220215">
        <ele>30.64</ele>
      </trkpt>
      <trkpt lat="52.07674043253064" lon="5.3274130169302225">
        <ele>30.34</ele>
      </trkpt>
      <trkpt lat="52.07678326405585" lon="5.326995849609375">
        <ele>30.09</ele>
      </trkpt>
      <trkpt lat="52.07682626321912" lon="5.326572563499212">
        <ele>29.87</ele>
      </trkpt>
      <trkpt lat="52.07686934620142" lon="5.326149361208081">
        <ele>29.64</ele>
      </trkpt>
      <trkpt lat="52.07691234536469" lon="5.32572615891695">
        <ele>29.43</ele>
      </trkpt>
      <trkpt lat="52.07695542834699" lon="5.325302956625819">
        <ele>29.08</ele>
      </trkpt>
      <trkpt lat="52.07699842751026" lon="5.324879754334688">
        <ele>28.6</ele>
      </trkpt>
      <trkpt lat="52.07704075612128" lon="5.324463844299316">
        <ele>28.09</ele>
      </trkpt>
      <trkpt lat="52.077040672302246" lon="5.324463844299316">
        <ele>27.82</ele>
      </trkpt>
      <trkpt lat="52.0771050453186" lon="5.324056148529053">
        <ele>27.45</ele>
      </trkpt>
      <trkpt lat="52.07713111303747" lon="5.323603693395853">
        <ele>27.32</ele>
      </trkpt>
      <trkpt lat="52.07715030759573" lon="5.323271015658975">
        <ele>26.93</ele>
      </trkpt>
      <trkpt lat="52.07716941833496" lon="5.322940349578857">
        <ele>26.71</ele>
      </trkpt>
      <trkpt lat="52.07719095982611" lon="5.322811603546143">
        <ele>26.5</ele>
      </trkpt>
      <trkpt lat="52.07701929844916" lon="5.322682857513428">
        <ele>26.28</ele>
      </trkpt>
      <trkpt lat="52.076788460835814" lon="5.32254857942462">
        <ele>26.03</ele>
      </trkpt>
      <trkpt lat="52.07655762322247" lon="5.322414385154843">
        <ele>25.74</ele>
      </trkpt>
      <trkpt lat="52.076326785609126" lon="5.322280190885067">
        <ele>25.51</ele>
      </trkpt>
      <trkpt lat="52.076096618548036" lon="5.322146415710449">
        <ele>25.36</ele>
      </trkpt>
      <trkpt lat="52.076096534729004" lon="5.322146415710449">
        <ele>25.2</ele>
      </trkpt>
      <trkpt lat="52.075839126482606" lon="5.3220391273498535">
        <ele>25.1</ele>
      </trkpt>
      <trkpt lat="52.075595716014504" lon="5.321903089061379">
        <ele>24.98</ele>
      </trkpt>
      <trkpt lat="52.075352389365435" lon="5.321767134591937">
        <ele>24.83</ele>
      </trkpt>
      <trkpt lat="52.075109565630555" lon="5.32163143157959">
        <ele>24.71</ele>
      </trkpt>
      <trkpt lat="52.07510948181152" lon="5.32163143157959">
        <ele>24.57</ele>
      </trkpt>
      <trkpt lat="52.07493782043457" lon="5.321588516235352">
        <ele>24.47</ele>
      </trkpt>
      <trkpt lat="52.074658619239926" lon="5.321423811838031">
        <ele>24.35</ele>
      </trkpt>
      <trkpt lat="52.074379501864314" lon="5.321259191259742">
        <ele>24.17</ele>
      </trkpt>
      <trkpt lat="52.074100971221924" lon="5.321094989776611">
        <ele>23.88</ele>
      </trkpt>
      <trkpt lat="52.07388639450073" lon="5.321009159088135">
        <ele>23.68</ele>
      </trkpt>
      <trkpt lat="52.07373627461493" lon="5.320708751678467">
        <ele>23.54</ele>
      </trkpt>
      <trkpt lat="52.0737361907959" lon="5.320708751678467">
        <ele>23.45</ele>
      </trkpt>
      <trkpt lat="52.07369335927069" lon="5.32062292098999">
        <ele>23.35</ele>
      </trkpt>
      <trkpt lat="52.07365036010742" lon="5.320580005645752">
        <ele>23.28</ele>
      </trkpt>
      <trkpt lat="52.073349952697754" lon="5.320730209350586">
        <ele>23.28</ele>
      </trkpt>
      <trkpt lat="52.07305415533483" lon="5.320637170225382">
        <ele>23.28</ele>
      </trkpt>
      <trkpt lat="52.07275835797191" lon="5.320544131100178">
        <ele>23.25</ele>
      </trkpt>
      <trkpt lat="52.07246256060898" lon="5.320451091974974">
        <ele>23.18</ele>
      </trkpt>
      <trkpt lat="52.07216684706509" lon="5.32035805284977">
        <ele>23.14</ele>
      </trkpt>
      <trkpt lat="52.07187104970217" lon="5.3202650137245655">
        <ele>23.18</ele>
      </trkpt>
      <trkpt lat="52.071575252339244" lon="5.320171974599361">
        <ele>23.18</ele>
      </trkpt>
      <trkpt lat="52.07127953879535" lon="5.320078935474157">
        <ele>23.16</ele>
      </trkpt>
      <trkpt lat="52.07098374143243" lon="5.319985896348953">
        <ele>23.12</ele>
      </trkpt>
      <trkpt lat="52.07068928517401" lon="5.3198933601379395">
        <ele>22.99</ele>
      </trkpt>
      <trkpt lat="52.07068920135498" lon="5.3198933601379395">
        <ele>22.94</ele>
      </trkpt>
      <trkpt lat="52.070560455322266" lon="5.319764614105225">
        <ele>22.92</ele>
      </trkpt>
      <trkpt lat="52.070388458669186" lon="5.319506702944636">
        <ele>22.93</ele>
      </trkpt>
      <trkpt lat="52.07021713256836" lon="5.319249629974365">
        <ele>22.88</ele>
      </trkpt>
      <trkpt lat="52.07003457471728" lon="5.319099258631468">
        <ele>22.71</ele>
      </trkpt>
      <trkpt lat="52.069852435961366" lon="5.318949222564697">
        <ele>22.49</ele>
      </trkpt>
      <trkpt lat="52.069852352142334" lon="5.318949222564697">
        <ele>22.31</ele>
      </trkpt>
      <trkpt lat="52.06963752396405" lon="5.31875585205853">
        <ele>22.15</ele>
      </trkpt>
      <trkpt lat="52.06942319869995" lon="5.318562984466553">
        <ele>22.03</ele>
      </trkpt>
      <trkpt lat="52.069176100194454" lon="5.318272886797786">
        <ele>21.72</ele>
      </trkpt>
      <trkpt lat="52.06892975606024" lon="5.317983627319336">
        <ele>21.34</ele>
      </trkpt>
      <trkpt lat="52.06869640387595" lon="5.317691937088966">
        <ele>20.92</ele>
      </trkpt>
      <trkpt lat="52.06846313551068" lon="5.3174003306776285">
        <ele>20.46</ele>
      </trkpt>
      <trkpt lat="52.06822986714542" lon="5.317108724266291">
        <ele>19.96</ele>
      </trkpt>
      <trkpt lat="52.06799651496112" lon="5.316817117854953">
        <ele>19.48</ele>
      </trkpt>
      <trkpt lat="52.06776324659586" lon="5.316525595262647">
        <ele>19.0</ele>
      </trkpt>
      <trkpt lat="52.067529978230596" lon="5.316233988851309">
        <ele>18.52</ele>
      </trkpt>
      <trkpt lat="52.067298889160156" lon="5.315945148468018">
        <ele>18.06</ele>
      </trkpt>
      <trkpt lat="52.06717014312744" lon="5.315794944763184">
        <ele>17.64</ele>
      </trkpt>
      <trkpt lat="52.06699856556952" lon="5.315752029418945">
        <ele>17.27</ele>
      </trkpt>
      <trkpt lat="52.06676940433681" lon="5.315572991967201">
        <ele>16.95</ele>
      </trkpt>
      <trkpt lat="52.06654032692313" lon="5.315394038334489">
        <ele>16.57</ele>
      </trkpt>
      <trkpt lat="52.066311836242676" lon="5.315215587615967">
        <ele>16.17</ele>
      </trkpt>
      <trkpt lat="52.066075801849365" lon="5.315151214599609">
        <ele>15.81</ele>
      </trkpt>
      <trkpt lat="52.06594705581665" lon="5.3151726722717285">
        <ele>15.51</ele>
      </trkpt>
      <trkpt lat="52.06568947993219" lon="5.3151726722717285">
        <ele>15.22</ele>
      </trkpt>
      <trkpt lat="52.06543190404773" lon="5.3151726722717285">
        <ele>14.98</ele>
      </trkpt>
      <trkpt lat="52.06517466343939" lon="5.3151726722717285">
        <ele>14.79</ele>
      </trkpt>
      <trkpt lat="52.06517457962036" lon="5.3151726722717285">
        <ele>14.7</ele>
      </trkpt>
      <trkpt lat="52.06504583358765" lon="5.31512975692749">
        <ele>14.7</ele>
      </trkpt>
      <trkpt lat="52.06491708755493" lon="5.314936637878418">
        <ele>14.8</ele>
      </trkpt>
      <trkpt lat="52.06487417221069" lon="5.314764976501465">
        <ele>14.92</ele>
      </trkpt>
      <trkpt lat="52.06483134068549" lon="5.314764976501465">
        <ele>15.06</ele>
      </trkpt>
      <trkpt lat="52.064831256866455" lon="5.314764976501465">
        <ele>15.22</ele>
      </trkpt>
      <trkpt lat="52.064595222473145" lon="5.315001010894775">
        <ele>15.53</ele>
      </trkpt>
      <trkpt lat="52.0647994056344" lon="5.315334107726812">
        <ele>15.61</ele>
      </trkpt>
      <trkpt lat="52.06500291824341" lon="5.315666198730469">
        <ele>15.88</ele>
      </trkpt>
      <trkpt lat="52.06500300206244" lon="5.315666198730469">
        <ele>16.19</ele>
      </trkpt>
      <trkpt lat="52.06504583358765" lon="5.315730571746826">
        <ele>16.53</ele>
      </trkpt>
      <trkpt lat="52.06504583358765" lon="5.316160898655653">
        <ele>17.03</ele>
      </trkpt>
      <trkpt lat="52.06504583358765" lon="5.3165913093835115">
        <ele>17.54</ele>
      </trkpt>
      <trkpt lat="52.06504583358765" lon="5.31702172011137">
        <ele>17.93</ele>
      </trkpt>
      <trkpt lat="52.06504583358765" lon="5.317452130839229">
        <ele>18.25</ele>
      </trkpt>
      <trkpt lat="52.06504583358765" lon="5.31787633895874">
        <ele>18.57</ele>
      </trkpt>
      <trkpt lat="52.064959751442075" lon="5.318177416920662">
        <ele>18.97</ele>
      </trkpt>
      <trkpt lat="52.064874256029725" lon="5.318477153778076">
        <ele>19.36</ele>
      </trkpt>
      <trkpt lat="52.064766632393" lon="5.318832043558359">
        <ele>19.79</ele>
      </trkpt>
      <trkpt lat="52.06465909257531" lon="5.319186933338642">
        <ele>20.22</ele>
      </trkpt>
      <trkpt lat="52.06455146893859" lon="5.319541823118925">
        <ele>20.59</ele>
      </trkpt>
      <trkpt lat="52.06444501876831" lon="5.3198933601379395">
        <ele>20.93</ele>
      </trkpt>
      <trkpt lat="52.06444510258734" lon="5.3198933601379395">
        <ele>21.17</ele>
      </trkpt>
      <trkpt lat="52.06438047811389" lon="5.320194521918893">
        <ele>21.44</ele>
      </trkpt>
      <trkpt lat="52.064316272735596" lon="5.320494174957275">
        <ele>21.55</ele>
      </trkpt>
      <trkpt lat="52.06429481506348" lon="5.3208160400390625">
        <ele>21.67</ele>
      </trkpt>
      <trkpt lat="52.06425198353827" lon="5.320923328399658">
        <ele>21.73</ele>
      </trkpt>
      <trkpt lat="52.064080238342285" lon="5.321223735809326">
        <ele>21.8</ele>
      </trkpt>
      <trkpt lat="52.063929699361324" lon="5.321589270606637">
        <ele>21.79</ele>
      </trkpt>
      <trkpt lat="52.06377991475165" lon="5.321953296661377">
        <ele>21.69</ele>
      </trkpt>
      <trkpt lat="52.06377991475165" lon="5.3220391273498535">
        <ele>21.64</ele>
      </trkpt>
      <trkpt lat="52.063801288604736" lon="5.322082042694092">
        <ele>21.56</ele>
      </trkpt>
      <trkpt lat="52.06380137242377" lon="5.322082042694092">
        <ele>21.46</ele>
      </trkpt>
      <trkpt lat="52.06377983093262" lon="5.322210788726807">
        <ele>21.35</ele>
      </trkpt>
      <trkpt lat="52.06354044377804" lon="5.322428634390235">
        <ele>21.09</ele>
      </trkpt>
      <trkpt lat="52.06330114044249" lon="5.322646480053663">
        <ele>20.86</ele>
      </trkpt>
      <trkpt lat="52.06306175328791" lon="5.322864325717092">
        <ele>20.74</ele>
      </trkpt>
      <trkpt lat="52.062822449952364" lon="5.32308217138052">
        <ele>20.77</ele>
      </trkpt>
      <trkpt lat="52.06258314661682" lon="5.32330010086298">
        <ele>20.82</ele>
      </trkpt>
      <trkpt lat="52.06234375946224" lon="5.323517946526408">
        <ele>20.77</ele>
      </trkpt>
      <trkpt lat="52.062106132507324" lon="5.323734283447266">
        <ele>20.72</ele>
      </trkpt>
      <trkpt lat="52.061928771436214" lon="5.323422560468316">
        <ele>20.84</ele>
      </trkpt>
      <trkpt lat="52.061751494184136" lon="5.3231108374893665">
        <ele>20.83</ele>
      </trkpt>
      <trkpt lat="52.06157413311303" lon="5.322799198329449">
        <ele>20.78</ele>
      </trkpt>
      <trkpt lat="52.061398113146424" lon="5.3224897384643555">
        <ele>20.92</ele>
      </trkpt>
      <trkpt lat="52.06121178343892" lon="5.322152953594923">
        <ele>21.11</ele>
      </trkpt>
      <trkpt lat="52.06102545373142" lon="5.321816168725491">
        <ele>21.17</ele>
      </trkpt>
      <trkpt lat="52.060840129852295" lon="5.321481227874756">
        <ele>21.27</ele>
      </trkpt>
      <trkpt lat="52.06069420091808" lon="5.321794040501118">
        <ele>21.47</ele>
      </trkpt>
      <trkpt lat="52.060548355802894" lon="5.3221068531274796">
        <ele>21.69</ele>
      </trkpt>
      <trkpt lat="52.06040343269706" lon="5.322417905554175">
        <ele>21.99</ele>
      </trkpt>
      <trkpt lat="52.06040343269706" lon="5.322417989373207">
        <ele>22.2</ele>
      </trkpt>
      <trkpt lat="52.060217689722776" lon="5.32281638123095">
        <ele>22.52</ele>
      </trkpt>
      <trkpt lat="52.06003203056753" lon="5.323214773088694">
        <ele>22.78</ele>
      </trkpt>
      <trkpt lat="52.059846287593246" lon="5.323613164946437">
        <ele>23.01</ele>
      </trkpt>
      <trkpt lat="52.059660628437996" lon="5.32401155680418">
        <ele>23.19</ele>
      </trkpt>
      <trkpt lat="52.059474885463715" lon="5.324409948661923">
        <ele>23.4</ele>
      </trkpt>
      <trkpt lat="52.059289226308465" lon="5.324808340519667">
        <ele>23.66</ele>
      </trkpt>
      <trkpt lat="52.059103483334184" lon="5.32520673237741">
        <ele>23.89</ele>
      </trkpt>
      <trkpt lat="52.058917824178934" lon="5.325605124235153">
        <ele>24.13</ele>
      </trkpt>
      <trkpt lat="52.05873208120465" lon="5.3260035160928965">
        <ele>24.37</ele>
      </trkpt>
      <trkpt lat="52.0585464220494" lon="5.32640190795064">
        <ele>24.61</ele>
      </trkpt>
      <trkpt lat="52.058360762894154" lon="5.326800299808383">
        <ele>24.78</ele>
      </trkpt>
      <trkpt lat="52.05817946232855" lon="5.327188968658447">
        <ele>25.0</ele>
      </trkpt>
      <trkpt lat="52.05792180262506" lon="5.327088721096516">
        <ele>25.17</ele>
      </trkpt>
      <trkpt lat="52.05766414292157" lon="5.326988557353616">
        <ele>25.31</ele>
      </trkpt>
      <trkpt lat="52.057406986132264" lon="5.326888561248779">
        <ele>25.48</ele>
      </trkpt>
      <trkpt lat="52.05719232559204" lon="5.3267598152160645">
        <ele>25.68</ele>
      </trkpt>
      <trkpt lat="52.057063579559326" lon="5.326695442199707">
        <ele>25.87</ele>
      </trkpt>
      <trkpt lat="52.056892002001405" lon="5.326781272888184">
        <ele>26.06</ele>
      </trkpt>
      <trkpt lat="52.056730818003416" lon="5.326942373067141">
        <ele>26.16</ele>
      </trkpt>
      <trkpt lat="52.05657013691962" lon="5.327103137969971">
        <ele>26.26</ele>
      </trkpt>
      <trkpt lat="52.05633812583983" lon="5.3273178823292255">
        <ele>26.3</ele>
      </trkpt>
      <trkpt lat="52.05610611476004" lon="5.327532710507512">
        <ele>26.41</ele>
      </trkpt>
      <trkpt lat="52.055874187499285" lon="5.327747454866767">
        <ele>26.54</ele>
      </trkpt>
      <trkpt lat="52.0556421764195" lon="5.3279622830450535">
        <ele>26.68</ele>
      </trkpt>
      <trkpt lat="52.055411422625184" lon="5.328176021575928">
        <ele>26.91</ele>
      </trkpt>
      <trkpt lat="52.05541133880615" lon="5.328176021575928">
        <ele>26.92</ele>
      </trkpt>
      <trkpt lat="52.055153511464596" lon="5.328426556661725">
        <ele>27.06</ele>
      </trkpt>
      <trkpt lat="52.05489576794207" lon="5.328677175566554">
        <ele>26.94</ele>
      </trkpt>
      <trkpt lat="52.054638024419546" lon="5.328927794471383">
        <ele>26.65</ele>
      </trkpt>
      <trkpt lat="52.05438028089702" lon="5.329178413376212">
        <ele>26.38</ele>
      </trkpt>
      <trkpt lat="52.054122453555465" lon="5.329429032281041">
        <ele>26.34</ele>
      </trkpt>
      <trkpt lat="52.053866386413574" lon="5.329678058624268">
        <ele>26.32</ele>
      </trkpt>
      <trkpt lat="52.05363714136183" lon="5.3293700236827135">
        <ele>25.96</ele>
      </trkpt>
      <trkpt lat="52.05340798012912" lon="5.329061988741159">
        <ele>25.59</ele>
      </trkpt>
      <trkpt lat="52.05317982472479" lon="5.3287553787231445">
        <ele>25.19</ele>
      </trkpt>
      <trkpt lat="52.0530725363642" lon="5.3286051750183105">
        <ele>24.86</ele>
      </trkpt>
      <trkpt lat="52.05288444645703" lon="5.328363440930843">
        <ele>24.51</ele>
      </trkpt>
      <trkpt lat="52.05269644036889" lon="5.328121706843376">
        <ele>24.19</ele>
      </trkpt>
      <trkpt lat="52.05250843428075" lon="5.327879972755909">
        <ele>23.86</ele>
      </trkpt>
      <trkpt lat="52.05232151784003" lon="5.327639579772949">
        <ele>23.6</ele>
      </trkpt>
      <trkpt lat="52.05214239656925" lon="5.327396001666784">
        <ele>23.41</ele>
      </trkpt>
      <trkpt lat="52.051963275298476" lon="5.327152507379651">
        <ele>23.13</ele>
      </trkpt>
      <trkpt lat="52.05178499221802" lon="5.326910018920898">
        <ele>22.81</ele>
      </trkpt>
      <trkpt lat="52.05178507603705" lon="5.326910018920898">
        <ele>22.53</ele>
      </trkpt>
      <trkpt lat="52.05159162171185" lon="5.32664674334228">
        <ele>22.15</ele>
      </trkpt>
      <trkpt lat="52.05139825120568" lon="5.326383467763662">
        <ele>21.89</ele>
      </trkpt>
      <trkpt lat="52.051204880699515" lon="5.326120276004076">
        <ele>21.67</ele>
      </trkpt>
      <trkpt lat="52.05101259984076" lon="5.3258585929870605">
        <ele>21.41</ele>
      </trkpt>
      <trkpt lat="52.05078335478902" lon="5.3255505580455065">
        <ele>21.1</ele>
      </trkpt>
      <trkpt lat="52.05055410973728" lon="5.325242523103952">
        <ele>20.86</ele>
      </trkpt>
      <trkpt lat="52.05032595433295" lon="5.3249359130859375">
        <ele>20.62</ele>
      </trkpt>
      <trkpt lat="52.05028303898871" lon="5.32487154006958">
        <ele>20.39</ele>
      </trkpt>
      <trkpt lat="52.05012537539005" lon="5.324606420472264">
        <ele>20.18</ele>
      </trkpt>
      <trkpt lat="52.049967711791396" lon="5.3243413008749485">
        <ele>19.99</ele>
      </trkpt>
      <trkpt lat="52.04981097020209" lon="5.324077606201172">
        <ele>19.81</ele>
      </trkpt>
      <trkpt lat="52.04961751587689" lon="5.32376236282289">
        <ele>19.55</ele>
      </trkpt>
      <trkpt lat="52.04942406155169" lon="5.323447119444609">
        <ele>19.33</ele>
      </trkpt>
      <trkpt lat="52.04923161305487" lon="5.32313346862793">
        <ele>19.19</ele>
      </trkpt>
      <trkpt lat="52.04913966357708" lon="5.322984186932445">
        <ele>19.07</ele>
      </trkpt>
      <trkpt lat="52.04894771799445" lon="5.322672296315432">
        <ele>18.87</ele>
      </trkpt>
      <trkpt lat="52.04875577241182" lon="5.322360405698419">
        <ele>18.72</ele>
      </trkpt>
      <trkpt lat="52.048563826829195" lon="5.322048515081406">
        <ele>18.41</ele>
      </trkpt>
      <trkpt lat="52.048373222351074" lon="5.3217387199401855">
        <ele>18.21</ele>
      </trkpt>
      <trkpt lat="52.04820164479315" lon="5.321481227874756">
        <ele>18.11</ele>
      </trkpt>
      <trkpt lat="52.04805144108832" lon="5.321223735809326">
        <ele>18.14</ele>
      </trkpt>
      <trkpt lat="52.04800844192505" lon="5.321180820465088">
        <ele>18.21</ele>
      </trkpt>
      <trkpt lat="52.04778925515711" lon="5.32087991014123">
        <ele>18.39</ele>
      </trkpt>
      <trkpt lat="52.04757006838918" lon="5.320579083636403">
        <ele>18.64</ele>
      </trkpt>
      <trkpt lat="52.04735088162124" lon="5.3202782571315765">
        <ele>18.8</ele>
      </trkpt>
      <trkpt lat="52.047131694853306" lon="5.31997743062675">
        <ele>19.0</ele>
      </trkpt>
      <trkpt lat="52.04691410064697" lon="5.319678783416748">
        <ele>19.28</ele>
      </trkpt>
      <trkpt lat="52.04666708596051" lon="5.319517683237791">
        <ele>19.54</ele>
      </trkpt>
      <trkpt lat="52.04642057418823" lon="5.319356918334961">
        <ele>19.78</ele>
      </trkpt>
      <trkpt lat="52.046280931681395" lon="5.319217275828123">
        <ele>19.98</ele>
      </trkpt>
      <trkpt lat="52.046141624450684" lon="5.319077968597412">
        <ele>20.13</ele>
      </trkpt>
      <trkpt lat="52.04591330140829" lon="5.318798599764705">
        <ele>20.22</ele>
      </trkpt>
      <trkpt lat="52.0456849783659" lon="5.318519314751029">
        <ele>20.16</ele>
      </trkpt>
      <trkpt lat="52.04545673914254" lon="5.318239945918322">
        <ele>19.99</ele>
      </trkpt>
      <trkpt lat="52.045228416100144" lon="5.317960660904646">
        <ele>19.91</ele>
      </trkpt>
      <trkpt lat="52.04500017687678" lon="5.3176812920719385">
        <ele>19.94</ele>
      </trkpt>
      <trkpt lat="52.04477185383439" lon="5.317402007058263">
        <ele>19.93</ele>
      </trkpt>
      <trkpt lat="52.04454361461103" lon="5.317122722044587">
        <ele>19.78</ele>
      </trkpt>
      <trkpt lat="52.04431772232056" lon="5.3168463706970215">
        <ele>19.53</ele>
      </trkpt>
      <trkpt lat="52.04431780613959" lon="5.3168463706970215">
        <ele>19.37</ele>
      </trkpt>
      <trkpt lat="52.04407070763409" lon="5.316593907773495">
        <ele>19.09</ele>
      </trkpt>
      <trkpt lat="52.043823692947626" lon="5.316341528669">
        <ele>18.84</ele>
      </trkpt>
      <trkpt lat="52.04357659444213" lon="5.316089065745473">
        <ele>18.58</ele>
      </trkpt>
      <trkpt lat="52.043329579755664" lon="5.315836686640978">
        <ele>18.43</ele>
      </trkpt>
      <trkpt lat="52.0430825650692" lon="5.315584223717451">
        <ele>18.28</ele>
      </trkpt>
      <trkpt lat="52.0428354665637" lon="5.315331844612956">
        <ele>18.06</ele>
      </trkpt>
      <trkpt lat="52.042588451877236" lon="5.315079465508461">
        <ele>17.82</ele>
      </trkpt>
      <trkpt lat="52.042343616485596" lon="5.314829349517822">
        <ele>17.57</ele>
      </trkpt>
      <trkpt lat="52.04234370030463" lon="5.314829349517822">
        <ele>17.31</ele>
      </trkpt>
      <trkpt lat="52.04210381023586" lon="5.314592979848385">
        <ele>17.06</ele>
      </trkpt>
      <trkpt lat="52.04186392016709" lon="5.314356693997979">
        <ele>16.66</ele>
      </trkpt>
      <trkpt lat="52.04162403009832" lon="5.3141204081475735">
        <ele>16.3</ele>
      </trkpt>
      <trkpt lat="52.04138414002955" lon="5.313884122297168">
        <ele>15.98</ele>
      </trkpt>
      <trkpt lat="52.04114424996078" lon="5.313647836446762">
        <ele>15.71</ele>
      </trkpt>
      <trkpt lat="52.04090595245361" lon="5.313413143157959">
        <ele>15.35</ele>
      </trkpt>
      <trkpt lat="52.04067603684962" lon="5.31314492225647">
        <ele>14.95</ele>
      </trkpt>
      <trkpt lat="52.040446707978845" lon="5.312877371907234">
        <ele>14.69</ele>
      </trkpt>
      <trkpt lat="52.040390968322754" lon="5.312812328338623">
        <ele>14.08</ele>
      </trkpt>
      <trkpt lat="52.04017178155482" lon="5.312489960342646">
        <ele>13.77</ele>
      </trkpt>
      <trkpt lat="52.03995259478688" lon="5.312167592346668">
        <ele>13.3</ele>
      </trkpt>
      <trkpt lat="52.03973340801895" lon="5.311845224350691">
        <ele>12.98</ele>
      </trkpt>
      <trkpt lat="52.03951422125101" lon="5.311522856354713">
        <ele>12.68</ele>
      </trkpt>
      <trkpt lat="52.03929671086371" lon="5.3112030029296875">
        <ele>12.35</ele>
      </trkpt>
      <trkpt lat="52.03912471421063" lon="5.3114931005984545">
        <ele>11.97</ele>
      </trkpt>
      <trkpt lat="52.0389533881098" lon="5.311782360076904">
        <ele>11.61</ele>
      </trkpt>
      <trkpt lat="52.03880310058594" lon="5.312018394470215">
        <ele>11.24</ele>
      </trkpt>
      <trkpt lat="52.03869556076825" lon="5.312287118285894">
        <ele>10.99</ele>
      </trkpt>
      <trkpt lat="52.03858860768378" lon="5.312554836273193">
        <ele>10.75</ele>
      </trkpt>
      <trkpt lat="52.038502525538206" lon="5.312823643907905">
        <ele>10.56</ele>
      </trkpt>
      <trkpt lat="52.038416946306825" lon="5.313091278076172">
        <ele>10.34</ele>
      </trkpt>
      <trkpt lat="52.038322230800986" lon="5.3135128878057">
        <ele>10.05</ele>
      </trkpt>
      <trkpt lat="52.03822751529515" lon="5.3139345813542604">
        <ele>9.66</ele>
      </trkpt>
      <trkpt lat="52.03813288360834" lon="5.314356274902821">
        <ele>9.26</ele>
      </trkpt>
      <trkpt lat="52.0380381681025" lon="5.314777968451381">
        <ele>8.95</ele>
      </trkpt>
      <trkpt lat="52.03794479370117" lon="5.315194129943848">
        <ele>8.6</ele>
      </trkpt>
      <trkpt lat="52.03782493248582" lon="5.315648932009935">
        <ele>8.38</ele>
      </trkpt>
      <trkpt lat="52.037705071270466" lon="5.316103734076023">
        <ele>8.11</ele>
      </trkpt>
      <trkpt lat="52.03758521005511" lon="5.3165586199611425">
        <ele>7.98</ele>
      </trkpt>
      <trkpt lat="52.03746534883976" lon="5.31701342202723">
        <ele>7.92</ele>
      </trkpt>
      <trkpt lat="52.03734548762441" lon="5.317468224093318">
        <ele>7.87</ele>
      </trkpt>
      <trkpt lat="52.037225626409054" lon="5.317923109978437">
        <ele>7.89</ele>
      </trkpt>
      <trkpt lat="52.037107944488525" lon="5.3183698654174805">
        <ele>7.88</ele>
      </trkpt>
      <trkpt lat="52.03700073994696" lon="5.318284034729004">
        <ele>7.9</ele>
      </trkpt>
      <trkpt lat="52.03685028478503" lon="5.318165849894285">
        <ele>7.94</ele>
      </trkpt>
      <trkpt lat="52.03670024871826" lon="5.318048000335693">
        <ele>7.97</ele>
      </trkpt>
      <trkpt lat="52.036592960357666" lon="5.3182196617126465">
        <ele>8.0</ele>
      </trkpt>
      <trkpt lat="52.03637192957103" lon="5.317964851856232">
        <ele>8.02</ele>
      </trkpt>
      <trkpt lat="52.03615098260343" lon="5.317710125818849">
        <ele>8.06</ele>
      </trkpt>
      <trkpt lat="52.0359299518168" lon="5.3174553997814655">
        <ele>8.14</ele>
      </trkpt>
      <trkpt lat="52.035709004849195" lon="5.3172006737440825">
        <ele>8.17</ele>
      </trkpt>
      <trkpt lat="52.035488057881594" lon="5.316945863887668">
        <ele>8.22</ele>
      </trkpt>
      <trkpt lat="52.03526702709496" lon="5.316691137850285">
        <ele>8.31</ele>
      </trkpt>
      <trkpt lat="52.03504800796509" lon="5.316438674926758">
        <ele>8.43</ele>
      </trkpt>
      <trkpt lat="52.03487601131201" lon="5.3161807637661695">
        <ele>8.59</ele>
      </trkpt>
      <trkpt lat="52.03470409847796" lon="5.315922852605581">
        <ele>8.77</ele>
      </trkpt>
      <trkpt lat="52.03453302383423" lon="5.315666198730469">
        <ele>8.99</ele>
      </trkpt>
      <trkpt lat="52.034425819292665" lon="5.3154730796813965">
        <ele>9.2</ele>
      </trkpt>
      <trkpt lat="52.03425373882055" lon="5.315150544047356">
        <ele>9.37</ele>
      </trkpt>
      <trkpt lat="52.03408241271973" lon="5.314829349517822">
        <ele>9.45</ele>
      </trkpt>
      <trkpt lat="52.033914690837264" lon="5.314450906589627">
        <ele>9.52</ele>
      </trkpt>
      <trkpt lat="52.0337469689548" lon="5.314072463661432">
        <ele>9.69</ele>
      </trkpt>
      <trkpt lat="52.03357924707234" lon="5.313694020733237">
        <ele>9.86</ele>
      </trkpt>
      <trkpt lat="52.03341152518988" lon="5.313315577805042">
        <ele>9.96</ele>
      </trkpt>
      <trkpt lat="52.03324556350708" lon="5.312941074371338">
        <ele>10.02</ele>
      </trkpt>
      <trkpt lat="52.03300919383764" lon="5.312635889276862">
        <ele>10.1</ele>
      </trkpt>
      <trkpt lat="52.032772824168205" lon="5.312330788001418">
        <ele>10.11</ele>
      </trkpt>
      <trkpt lat="52.03253645449877" lon="5.312025686725974">
        <ele>10.07</ele>
      </trkpt>
      <trkpt lat="52.03230008482933" lon="5.31172058545053">
        <ele>9.99</ele>
      </trkpt>
      <trkpt lat="52.03206539154053" lon="5.311417579650879">
        <ele>9.92</ele>
      </trkpt>
      <trkpt lat="52.03206547535956" lon="5.311417579650879">
        <ele>9.8</ele>
      </trkpt>
      <trkpt lat="52.03184645622969" lon="5.311144245788455">
        <ele>9.65</ele>
      </trkpt>
      <trkpt lat="52.031627520918846" lon="5.310870911926031">
        <ele>9.41</ele>
      </trkpt>
      <trkpt lat="52.031408585608006" lon="5.310597578063607">
        <ele>9.17</ele>
      </trkpt>
      <trkpt lat="52.03118956647813" lon="5.310324328020215">
        <ele>8.92</ele>
      </trkpt>
      <trkpt lat="52.03097063116729" lon="5.310050994157791">
        <ele>8.65</ele>
      </trkpt>
      <trkpt lat="52.03075169585645" lon="5.309777744114399">
        <ele>8.48</ele>
      </trkpt>
      <trkpt lat="52.03053267672658" lon="5.309504410251975">
        <ele>8.35</ele>
      </trkpt>
      <trkpt lat="52.03031608834863" lon="5.309234093874693">
        <ele>8.21</ele>
      </trkpt>
      <trkpt lat="52.0300776232034" lon="5.308936536312103">
        <ele>7.91</ele>
      </trkpt>
      <trkpt lat="52.0298392418772" lon="5.308638978749514">
        <ele>7.78</ele>
      </trkpt>
      <trkpt lat="52.029600860551" lon="5.308341421186924">
        <ele>7.74</ele>
      </trkpt>
      <trkpt lat="52.0293624792248" lon="5.308043863624334">
        <ele>7.79</ele>
      </trkpt>
      <trkpt lat="52.029125690460205" lon="5.307748317718506">
        <ele>7.87</ele>
      </trkpt>
      <trkpt lat="52.02899694442749" lon="5.307598114013672">
        <ele>7.97</ele>
      </trkpt>
      <trkpt lat="52.02894958667457" lon="5.30800262466073">
        <ele>8.04</ele>
      </trkpt>
      <trkpt lat="52.02890222892165" lon="5.308407135307789">
        <ele>8.14</ele>
      </trkpt>
      <trkpt lat="52.02885487116873" lon="5.308811729773879">
        <ele>8.24</ele>
      </trkpt>
      <trkpt lat="52.02880751341581" lon="5.3092162404209375">
        <ele>8.45</ele>
      </trkpt>
      <trkpt lat="52.02876091003418" lon="5.309615135192871">
        <ele>8.72</ele>
      </trkpt>
      <trkpt lat="52.02876099385321" lon="5.309615135192871">
        <ele>8.89</ele>
      </trkpt>
      <trkpt lat="52.02873936854303" lon="5.309884110465646">
        <ele>9.06</ele>
      </trkpt>
      <trkpt lat="52.02871799468994" lon="5.31015157699585">
        <ele>9.3</ele>
      </trkpt>
      <trkpt lat="52.02867499552667" lon="5.310452822595835">
        <ele>9.45</ele>
      </trkpt>
      <trkpt lat="52.0286322478205" lon="5.3107523918151855">
        <ele>9.6</ele>
      </trkpt>
      <trkpt lat="52.028567623347044" lon="5.310989012941718">
        <ele>9.61</ele>
      </trkpt>
      <trkpt lat="52.02850341796875" lon="5.311224460601807">
        <ele>9.59</ele>
      </trkpt>
      <trkpt lat="52.02838866971433" lon="5.311525454744697">
        <ele>9.57</ele>
      </trkpt>
      <trkpt lat="52.028274005278945" lon="5.311826532706618">
        <ele>9.61</ele>
      </trkpt>
      <trkpt lat="52.028160095214844" lon="5.3121256828308105">
        <ele>9.66</ele>
      </trkpt>
      <trkpt lat="52.028023889288306" lon="5.312448218464851">
        <ele>9.6</ele>
      </trkpt>
      <trkpt lat="52.0278877671808" lon="5.312770754098892">
        <ele>9.51</ele>
      </trkpt>
      <trkpt lat="52.02775248326361" lon="5.313091278076172">
        <ele>9.36</ele>
      </trkpt>
      <trkpt lat="52.02755894511938" lon="5.313483634963632">
        <ele>8.93</ele>
      </trkpt>
      <trkpt lat="52.02736549079418" lon="5.313875991851091">
        <ele>8.41</ele>
      </trkpt>
      <trkpt lat="52.02717195264995" lon="5.314268348738551">
        <ele>7.95</ele>
      </trkpt>
      <trkpt lat="52.02698000706732" lon="5.314657688140869">
        <ele>7.67</ele>
      </trkpt>
      <trkpt lat="52.02680432237685" lon="5.315071335062385">
        <ele>7.41</ele>
      </trkpt>
      <trkpt lat="52.02662863768637" lon="5.315485065802932">
        <ele>7.11</ele>
      </trkpt>
      <trkpt lat="52.026452952995896" lon="5.315898712724447">
        <ele>6.64</ele>
      </trkpt>
      <trkpt lat="52.02627726830542" lon="5.316312443464994">
        <ele>6.28</ele>
      </trkpt>
      <trkpt lat="52.026103511452675" lon="5.316721815615892">
        <ele>6.05</ele>
      </trkpt>
      <trkpt lat="52.026103511452675" lon="5.316721899434924">
        <ele>5.82</ele>
      </trkpt>
      <trkpt lat="52.02595230191946" lon="5.317077962681651">
        <ele>5.63</ele>
      </trkpt>
      <trkpt lat="52.025801092386246" lon="5.317434025928378">
        <ele>5.47</ele>
      </trkpt>
      <trkpt lat="52.02564988285303" lon="5.317790172994137">
        <ele>5.41</ele>
      </trkpt>
      <trkpt lat="52.02549867331982" lon="5.318146236240864">
        <ele>5.44</ele>
      </trkpt>
      <trkpt lat="52.025349140167236" lon="5.318498611450195">
        <ele>5.45</ele>
      </trkpt>
      <trkpt lat="52.02510782517493" lon="5.318199377506971">
        <ele>5.08</ele>
      </trkpt>
      <trkpt lat="52.02486651018262" lon="5.317900227382779">
        <ele>4.79</ele>
      </trkpt>
      <trkpt lat="52.02462519519031" lon="5.317601077258587">
        <ele>4.63</ele>
      </trkpt>
      <trkpt lat="52.024383880198" lon="5.317301927134395">
        <ele>4.51</ele>
      </trkpt>
      <trkpt lat="52.02414256520569" lon="5.317002693191171">
        <ele>4.47</ele>
      </trkpt>
      <trkpt lat="52.023901334032416" lon="5.3167035430669785">
        <ele>4.43</ele>
      </trkpt>
      <trkpt lat="52.02366001904011" lon="5.316404392942786">
        <ele>4.35</ele>
      </trkpt>
      <trkpt lat="52.0234187040478" lon="5.316105242818594">
        <ele>4.27</ele>
      </trkpt>
      <trkpt lat="52.02317738905549" lon="5.315806092694402">
        <ele>4.23</ele>
      </trkpt>
      <trkpt lat="52.02293607406318" lon="5.3155069425702095">
        <ele>4.25</ele>
      </trkpt>
      <trkpt lat="52.02269475907087" lon="5.315207792446017">
        <ele>4.22</ele>
      </trkpt>
      <trkpt lat="52.022453527897596" lon="5.314908642321825">
        <ele>4.16</ele>
      </trkpt>
      <trkpt lat="52.02221632003784" lon="5.314614772796631">
        <ele>4.12</ele>
      </trkpt>
      <trkpt lat="52.02221640385687" lon="5.314614772796631">
        <ele>4.11</ele>
      </trkpt>
      <trkpt lat="52.021968718618155" lon="5.314304642379284">
        <ele>4.09</ele>
      </trkpt>
      <trkpt lat="52.02172111719847" lon="5.313994595780969">
        <ele>4.04</ele>
      </trkpt>
      <trkpt lat="52.02147351577878" lon="5.313684549182653">
        <ele>3.98</ele>
      </trkpt>
      <trkpt lat="52.02122591435909" lon="5.313374502584338">
        <ele>3.95</ele>
      </trkpt>
      <trkpt lat="52.020978312939405" lon="5.313064455986023">
        <ele>4.06</ele>
      </trkpt>
      <trkpt lat="52.02073071151972" lon="5.312754409387708">
        <ele>4.19</ele>
      </trkpt>
      <trkpt lat="52.02048311010003" lon="5.3124443627893925">
        <ele>4.37</ele>
      </trkpt>
      <trkpt lat="52.020235508680344" lon="5.312134316191077">
        <ele>4.53</ele>
      </trkpt>
      <trkpt lat="52.019987907260656" lon="5.311824269592762">
        <ele>4.62</ele>
      </trkpt>
      <trkpt lat="52.01974030584097" lon="5.311514222994447">
        <ele>4.69</ele>
      </trkpt>
      <trkpt lat="52.01949270442128" lon="5.311204260215163">
        <ele>4.83</ele>
      </trkpt>
      <trkpt lat="52.019245103001595" lon="5.310894213616848">
        <ele>4.92</ele>
      </trkpt>
      <trkpt lat="52.01899750158191" lon="5.310584167018533">
        <ele>4.92</ele>
      </trkpt>
      <trkpt lat="52.01874990016222" lon="5.3102741204202175">
        <ele>4.92</ele>
      </trkpt>
      <trkpt lat="52.01850229874253" lon="5.309964073821902">
        <ele>5.03</ele>
      </trkpt>
      <trkpt lat="52.018254697322845" lon="5.309654027223587">
        <ele>5.12</ele>
      </trkpt>
      <trkpt lat="52.01800709590316" lon="5.3093440644443035">
        <ele>5.16</ele>
      </trkpt>
      <trkpt lat="52.01775949448347" lon="5.309034017845988">
        <ele>5.15</ele>
      </trkpt>
      <trkpt lat="52.017511893063784" lon="5.308723971247673">
        <ele>5.16</ele>
      </trkpt>
      <trkpt lat="52.017264291644096" lon="5.3084140084683895">
        <ele>5.22</ele>
      </trkpt>
      <trkpt lat="52.01702356338501" lon="5.308113098144531">
        <ele>5.24</ele>
      </trkpt>
      <trkpt lat="52.01702364720404" lon="5.308113098144531">
        <ele>5.24</ele>
      </trkpt>
      <trkpt lat="52.016793144866824" lon="5.3078314661979675">
        <ele>5.28</ele>
      </trkpt>
      <trkpt lat="52.0166183821857" lon="5.307617895305157">
        <ele>5.23</ele>
      </trkpt>
      <trkpt lat="52.01644420623779" lon="5.3074049949646">
        <ele>5.15</ele>
      </trkpt>
      <trkpt lat="52.01637991704047" lon="5.307340621948242">
        <ele>5.08</ele>
      </trkpt>
      <trkpt lat="52.0163369178772" lon="5.307276248931885">
        <ele>5.0</ele>
      </trkpt>
      <trkpt lat="52.01621211133897" lon="5.307740857824683">
        <ele>4.95</ele>
      </trkpt>
      <trkpt lat="52.01608730480075" lon="5.308205550536513">
        <ele>4.89</ele>
      </trkpt>
      <trkpt lat="52.015962582081556" lon="5.308670159429312">
        <ele>4.91</ele>
      </trkpt>
      <trkpt lat="52.01583777554333" lon="5.309134852141142">
        <ele>4.85</ele>
      </trkpt>
      <trkpt lat="52.01571464538574" lon="5.309593677520752">
        <ele>4.73</ele>
      </trkpt>
      <trkpt lat="52.015599897131324" lon="5.310002379119396">
        <ele>4.65</ele>
      </trkpt>
      <trkpt lat="52.01548523269594" lon="5.3104110807180405">
        <ele>4.54</ele>
      </trkpt>
      <trkpt lat="52.01537140645087" lon="5.310816764831543">
        <ele>4.44</ele>
      </trkpt>
      <trkpt lat="52.015263782814145" lon="5.311225466430187">
        <ele>4.43</ele>
      </trkpt>
      <trkpt lat="52.015156829729676" lon="5.31163215637207">
        <ele>4.42</ele>
      </trkpt>
      <trkpt lat="52.01505457051098" lon="5.311997774988413">
        <ele>4.43</ele>
      </trkpt>
      <trkpt lat="52.01495239511132" lon="5.312363477423787">
        <ele>4.43</ele>
      </trkpt>
      <trkpt lat="52.01485021971166" lon="5.312729179859161">
        <ele>4.37</ele>
      </trkpt>
      <trkpt lat="52.01474913395941" lon="5.313091278076172">
        <ele>4.43</ele>
      </trkpt>
      <trkpt lat="52.01468601822853" lon="5.3133222833275795">
        <ele>4.45</ele>
      </trkpt>
      <trkpt lat="52.014620304107666" lon="5.313563346862793">
        <ele>4.55</ele>
      </trkpt>
      <trkpt lat="52.0146203879267" lon="5.313563346862793">
        <ele>4.61</ele>
      </trkpt>
      <trkpt lat="52.014502035453916" lon="5.313972048461437">
        <ele>4.78</ele>
      </trkpt>
      <trkpt lat="52.014383766800165" lon="5.3143807500600815">
        <ele>4.93</ele>
      </trkpt>
      <trkpt lat="52.01426541432738" lon="5.314789451658726">
        <ele>4.94</ele>
      </trkpt>
      <trkpt lat="52.01414831914008" lon="5.315194129943848">
        <ele>4.97</ele>
      </trkpt>
      <trkpt lat="52.01410531997681" lon="5.315301418304443">
        <ele>5.02</ele>
      </trkpt>
      <trkpt lat="52.01412686146796" lon="5.3153228759765625">
        <ele>5.08</ele>
      </trkpt>
      <trkpt lat="52.0142126083374" lon="5.31538724899292">
        <ele>5.15</ele>
      </trkpt>
      <trkpt lat="52.014212692156434" lon="5.31538724899292">
        <ele>5.19</ele>
      </trkpt>
      <trkpt lat="52.01437370851636" lon="5.315505350008607">
        <ele>5.27</ele>
      </trkpt>
      <trkpt lat="52.01453447341919" lon="5.3156232833862305">
        <ele>5.31</ele>
      </trkpt>
      <trkpt lat="52.014716947451234" lon="5.315687656402588">
        <ele>5.34</ele>
      </trkpt>
      <trkpt lat="52.014899253845215" lon="5.315752029418945">
        <ele>5.34</ele>
      </trkpt>
      <trkpt lat="52.01507091522217" lon="5.315837860107422">
        <ele>5.36</ele>
      </trkpt>
      <trkpt lat="52.01526403427124" lon="5.316073894500732">
        <ele>5.34</ele>
      </trkpt>
      <trkpt lat="52.01550065539777" lon="5.316367177292705">
        <ele>5.3</ele>
      </trkpt>
      <trkpt lat="52.01573736034334" lon="5.3166605439037085">
        <ele>5.22</ele>
      </trkpt>
      <trkpt lat="52.0159740652889" lon="5.316953910514712">
        <ele>5.25</ele>
      </trkpt>
      <trkpt lat="52.016210770234466" lon="5.3172471933066845">
        <ele>5.34</ele>
      </trkpt>
      <trkpt lat="52.016447391361" lon="5.317540559917688">
        <ele>5.39</ele>
      </trkpt>
      <trkpt lat="52.01668409630656" lon="5.317833926528692">
        <ele>5.44</ele>
      </trkpt>
      <trkpt lat="52.01692080125213" lon="5.318127209320664">
        <ele>5.51</ele>
      </trkpt>
      <trkpt lat="52.01715750619769" lon="5.318420575931668">
        <ele>5.59</ele>
      </trkpt>
      <trkpt lat="52.017394211143255" lon="5.318713942542672">
        <ele>5.61</ele>
      </trkpt>
      <trkpt lat="52.01763083226979" lon="5.319007309153676">
        <ele>5.64</ele>
      </trkpt>
      <trkpt lat="52.01786753721535" lon="5.31930067576468">
        <ele>5.68</ele>
      </trkpt>
      <trkpt lat="52.018104242160916" lon="5.319594042375684">
        <ele>5.71</ele>
      </trkpt>
      <trkpt lat="52.01834094710648" lon="5.319887325167656">
        <ele>5.71</ele>
      </trkpt>
      <trkpt lat="52.018573293462396" lon="5.320175578817725">
        <ele>5.64</ele>
      </trkpt>
      <trkpt lat="52.018573293462396" lon="5.3201754949986935">
        <ele>5.66</ele>
      </trkpt>
      <trkpt lat="52.01878376305103" lon="5.320436339825392">
        <ele>5.64</ele>
      </trkpt>
      <trkpt lat="52.01899423263967" lon="5.32069718465209">
        <ele>5.73</ele>
      </trkpt>
      <trkpt lat="52.01920470222831" lon="5.32095811329782">
        <ele>5.79</ele>
      </trkpt>
      <trkpt lat="52.019415171816945" lon="5.321218958124518">
        <ele>5.84</ele>
      </trkpt>
      <trkpt lat="52.01962564140558" lon="5.321479802951217">
        <ele>5.9</ele>
      </trkpt>
      <trkpt lat="52.01983451843262" lon="5.3217387199401855">
        <ele>5.91</ele>
      </trkpt>
      <trkpt lat="52.02006720006466" lon="5.322025129571557">
        <ele>5.79</ele>
      </trkpt>
      <trkpt lat="52.02029996551573" lon="5.32231162302196">
        <ele>5.7</ele>
      </trkpt>
      <trkpt lat="52.020532730966806" lon="5.322598032653332">
        <ele>5.67</ele>
      </trkpt>
      <trkpt lat="52.02076549641788" lon="5.322884526103735">
        <ele>5.61</ele>
      </trkpt>
      <trkpt lat="52.020998261868954" lon="5.3231709357351065">
        <ele>5.51</ele>
      </trkpt>
      <trkpt lat="52.02123102732003" lon="5.32345742918551">
        <ele>5.41</ele>
      </trkpt>
      <trkpt lat="52.0214637927711" lon="5.323743922635913">
        <ele>5.34</ele>
      </trkpt>
      <trkpt lat="52.021696558222175" lon="5.324030332267284">
        <ele>5.24</ele>
      </trkpt>
      <trkpt lat="52.02192932367325" lon="5.324316825717688">
        <ele>5.07</ele>
      </trkpt>
      <trkpt lat="52.02216208912432" lon="5.324603319168091">
        <ele>4.91</ele>
      </trkpt>
      <trkpt lat="52.022394854575396" lon="5.324889812618494">
        <ele>4.81</ele>
      </trkpt>
      <trkpt lat="52.022624015808105" lon="5.325171947479248">
        <ele>4.76</ele>
      </trkpt>
      <trkpt lat="52.022688556462526" lon="5.3247738070786">
        <ele>4.65</ele>
      </trkpt>
      <trkpt lat="52.02275276184082" lon="5.32437801361084">
        <ele>4.52</ele>
      </trkpt>
      <trkpt lat="52.023055516183376" lon="5.324471388012171">
        <ele>4.51</ele>
      </trkpt>
      <trkpt lat="52.02335827052593" lon="5.324564762413502">
        <ele>4.54</ele>
      </trkpt>
      <trkpt lat="52.02366102486849" lon="5.324658136814833">
        <ele>4.55</ele>
      </trkpt>
      <trkpt lat="52.023963779211044" lon="5.324751511216164">
        <ele>4.55</ele>
      </trkpt>
      <trkpt lat="52.0242665335536" lon="5.324844969436526">
        <ele>4.68</ele>
      </trkpt>
      <trkpt lat="52.024569287896156" lon="5.324938343837857">
        <ele>4.82</ele>
      </trkpt>
      <trkpt lat="52.02487204223871" lon="5.325031718239188">
        <ele>4.9</ele>
      </trkpt>
      <trkpt lat="52.02517479658127" lon="5.325125176459551">
        <ele>5.04</ele>
      </trkpt>
      <trkpt lat="52.02547629363835" lon="5.325218215584755">
        <ele>5.32</ele>
      </trkpt>
      <trkpt lat="52.02577888034284" lon="5.325311506167054">
        <ele>5.94</ele>
      </trkpt>
      <trkpt lat="52.026081550866365" lon="5.325404880568385">
        <ele>6.21</ele>
      </trkpt>
      <trkpt lat="52.02638422138989" lon="5.325498254969716">
        <ele>6.56</ele>
      </trkpt>
      <trkpt lat="52.026686891913414" lon="5.325591629371047">
        <ele>6.99</ele>
      </trkpt>
      <trkpt lat="52.02698947861791" lon="5.325685003772378">
        <ele>7.39</ele>
      </trkpt>
      <trkpt lat="52.02729214914143" lon="5.325778378173709">
        <ele>7.82</ele>
      </trkpt>
      <trkpt lat="52.027594819664955" lon="5.32587175257504">
        <ele>8.38</ele>
      </trkpt>
      <trkpt lat="52.02789749018848" lon="5.325965126976371">
        <ele>9.07</ele>
      </trkpt>
      <trkpt lat="52.02820007689297" lon="5.326058501377702">
        <ele>9.68</ele>
      </trkpt>
      <trkpt lat="52.028502747416496" lon="5.326151875779033">
        <ele>10.24</ele>
      </trkpt>
      <trkpt lat="52.02880390919745" lon="5.326244831085205">
        <ele>10.8</ele>
      </trkpt>
      <trkpt lat="52.02880382537842" lon="5.326244831085205">
        <ele>11.29</ele>
      </trkpt>
      <trkpt lat="52.0290757343173" lon="5.326323537155986">
        <ele>11.85</ele>
      </trkpt>
      <trkpt lat="52.02934764325619" lon="5.326402243226767">
        <ele>12.29</ele>
      </trkpt>
      <trkpt lat="52.02961930073798" lon="5.326480865478516">
        <ele>12.66</ele>
      </trkpt>
      <trkpt lat="52.02991073951125" lon="5.326574742794037">
        <ele>12.99</ele>
      </trkpt>
      <trkpt lat="52.03020226210356" lon="5.326668620109558">
        <ele>13.39</ele>
      </trkpt>
      <trkpt lat="52.03049370087683" lon="5.326762497425079">
        <ele>13.78</ele>
      </trkpt>
      <trkpt lat="52.03078472055495" lon="5.326856207102537">
        <ele>14.2</ele>
      </trkpt>
      <trkpt lat="52.030885219573975" lon="5.326888561248779">
        <ele>14.73</ele>
      </trkpt>
      <trkpt lat="52.030820678919554" lon="5.327326012775302">
        <ele>14.95</ele>
      </trkpt>
      <trkpt lat="52.03075613826513" lon="5.327763548120856">
        <ele>15.15</ele>
      </trkpt>
      <trkpt lat="52.03069159761071" lon="5.328201083466411">
        <ele>15.24</ele>
      </trkpt>
      <trkpt lat="52.03062705695629" lon="5.328638618811965">
        <ele>15.3</ele>
      </trkpt>
      <trkpt lat="52.03056251630187" lon="5.329076154157519">
        <ele>15.32</ele>
      </trkpt>
      <trkpt lat="52.03049906529486" lon="5.3295063972473145">
        <ele>15.34</ele>
      </trkpt>
      <trkpt lat="52.03044516965747" lon="5.329807559028268">
        <ele>15.34</ele>
      </trkpt>
      <trkpt lat="52.030391693115234" lon="5.33010721206665">
        <ele>15.28</ele>
      </trkpt>
      <trkpt lat="52.030391776934266" lon="5.33010721206665">
        <ele>15.28</ele>
      </trkpt>
      <trkpt lat="52.030359422788024" lon="5.330462269484997">
        <ele>15.2</ele>
      </trkpt>
      <trkpt lat="52.03032732009888" lon="5.330815315246582">
        <ele>15.12</ele>
      </trkpt>
      <trkpt lat="52.030305778607726" lon="5.331318816170096">
        <ele>15.06</ele>
      </trkpt>
      <trkpt lat="52.030284237116575" lon="5.3318224009126425">
        <ele>15.16</ele>
      </trkpt>
      <trkpt lat="52.030262695625424" lon="5.332325985655189">
        <ele>15.19</ele>
      </trkpt>
      <trkpt lat="52.030241237953305" lon="5.332829570397735">
        <ele>15.23</ele>
      </trkpt>
      <trkpt lat="52.03022003173828" lon="5.3333258628845215">
        <ele>15.33</ele>
      </trkpt>
      <trkpt lat="52.03019849024713" lon="5.3337920643389225">
        <ele>15.37</ele>
      </trkpt>
      <trkpt lat="52.03017694875598" lon="5.334258349612355">
        <ele>15.38</ele>
      </trkpt>
      <trkpt lat="52.030155658721924" lon="5.334720611572266">
        <ele>15.5</ele>
      </trkpt>
      <trkpt lat="52.030112743377686" lon="5.334935188293457">
        <ele>15.52</ele>
      </trkpt>
      <trkpt lat="52.03004837036133" lon="5.335021018981934">
        <ele>15.44</ele>
      </trkpt>
      <trkpt lat="52.02998399734497" lon="5.335063934326172">
        <ele>15.31</ele>
      </trkpt>
      <trkpt lat="52.0297406706959" lon="5.3349565621465445">
        <ele>15.11</ele>
      </trkpt>
      <trkpt lat="52.02949734404683" lon="5.334849189966917">
        <ele>14.83</ele>
      </trkpt>
      <trkpt lat="52.02925443649292" lon="5.334742069244385">
        <ele>14.51</ele>
      </trkpt>
      <trkpt lat="52.02908277511597" lon="5.334763526916504">
        <ele>14.31</ele>
      </trkpt>
      <trkpt lat="52.02896576374769" lon="5.3351453226059675">
        <ele>14.16</ele>
      </trkpt>
      <trkpt lat="52.02884875237942" lon="5.335527202114463">
        <ele>13.93</ele>
      </trkpt>
      <trkpt lat="52.028731824830174" lon="5.335909081622958">
        <ele>13.64</ele>
      </trkpt>
      <trkpt lat="52.0286148134619" lon="5.3362909611314535">
        <ele>13.28</ele>
      </trkpt>
      <trkpt lat="52.02849788591266" lon="5.336672840639949">
        <ele>12.87</ele>
      </trkpt>
      <trkpt lat="52.02838263474405" lon="5.337049188092351">
        <ele>12.57</ele>
      </trkpt>
      <trkpt lat="52.028353214263916" lon="5.3371453285217285">
        <ele>12.04</ele>
      </trkpt>
      <trkpt lat="52.02835329808295" lon="5.3371453285217285">
        <ele>11.77</ele>
      </trkpt>
      <trkpt lat="52.028229581192136" lon="5.337553946301341">
        <ele>11.62</ele>
      </trkpt>
      <trkpt lat="52.028105864301324" lon="5.337962647899985">
        <ele>11.38</ele>
      </trkpt>
      <trkpt lat="52.02798214741051" lon="5.33837134949863">
        <ele>11.11</ele>
      </trkpt>
      <trkpt lat="52.027859687805176" lon="5.338776111602783">
        <ele>10.83</ele>
      </trkpt>
      <trkpt lat="52.027719961479306" lon="5.339012481272221">
        <ele>10.53</ele>
      </trkpt>
      <trkpt lat="52.02758082188666" lon="5.339248180389404">
        <ele>10.13</ele>
      </trkpt>
      <trkpt lat="52.027351493015885" lon="5.339592006057501">
        <ele>9.66</ele>
      </trkpt>
      <trkpt lat="52.027122247964144" lon="5.339935831725597">
        <ele>9.23</ele>
      </trkpt>
      <trkpt lat="52.026894092559814" lon="5.340278148651123">
        <ele>8.85</ele>
      </trkpt>
      <trkpt lat="52.02667951583862" lon="5.34060001373291">
        <ele>8.55</ele>
      </trkpt>
      <trkpt lat="52.026636600494385" lon="5.340836048126221">
        <ele>8.27</ele>
      </trkpt>
      <trkpt lat="52.026636600494385" lon="5.341029167175293">
        <ele>8.0</ele>
      </trkpt>
      <trkpt lat="52.02642185613513" lon="5.3409217949956656">
        <ele>7.7</ele>
      </trkpt>
      <trkpt lat="52.026207447052" lon="5.340814590454102">
        <ele>7.38</ele>
      </trkpt>
      <trkpt lat="52.026207530871034" lon="5.340814590454102">
        <ele>7.1</ele>
      </trkpt>
      <trkpt lat="52.02591324225068" lon="5.340679390355945">
        <ele>6.78</ele>
      </trkpt>
      <trkpt lat="52.02561895363033" lon="5.340544274076819">
        <ele>6.53</ele>
      </trkpt>
      <trkpt lat="52.025324665009975" lon="5.3404090739786625">
        <ele>6.27</ele>
      </trkpt>
      <trkpt lat="52.025030460208654" lon="5.340273957699537">
        <ele>6.11</ele>
      </trkpt>
      <trkpt lat="52.0247361715883" lon="5.340138841420412">
        <ele>5.91</ele>
      </trkpt>
      <trkpt lat="52.02444188296795" lon="5.340003641322255">
        <ele>5.6</ele>
      </trkpt>
      <trkpt lat="52.024147594347596" lon="5.33986852504313">
        <ele>5.35</ele>
      </trkpt>
      <trkpt lat="52.023853389546275" lon="5.339733408764005">
        <ele>5.22</ele>
      </trkpt>
      <trkpt lat="52.02355910092592" lon="5.3395982924848795">
        <ele>5.1</ele>
      </trkpt>
      <trkpt lat="52.02326481230557" lon="5.339463092386723">
        <ele>5.0</ele>
      </trkpt>
      <trkpt lat="52.02297052368522" lon="5.339327976107597">
        <ele>4.99</ele>
      </trkpt>
      <trkpt lat="52.022676318883896" lon="5.339192859828472">
        <ele>5.07</ele>
      </trkpt>
      <trkpt lat="52.02238203026354" lon="5.339057659730315">
        <ele>5.04</ele>
      </trkpt>
      <trkpt lat="52.02208774164319" lon="5.33892254345119">
        <ele>4.87</ele>
      </trkpt>
      <trkpt lat="52.02179345302284" lon="5.338787427172065">
        <ele>4.77</ele>
      </trkpt>
      <trkpt lat="52.02149924822152" lon="5.33865231089294">
        <ele>4.74</ele>
      </trkpt>
      <trkpt lat="52.02120780944824" lon="5.3385186195373535">
        <ele>4.75</ele>
      </trkpt>
      <trkpt lat="52.021057438105345" lon="5.338421976193786">
        <ele>4.7</ele>
      </trkpt>
      <trkpt lat="52.020907402038574" lon="5.338325500488281">
        <ele>4.66</ele>
      </trkpt>
      <trkpt lat="52.02069282531738" lon="5.338089466094971">
        <ele>4.65</ele>
      </trkpt>
      <trkpt lat="52.0206228364259" lon="5.338530521839857">
        <ele>4.64</ele>
      </trkpt>
      <trkpt lat="52.02055293135345" lon="5.338971661403775">
        <ele>4.6</ele>
      </trkpt>
      <trkpt lat="52.020483026281" lon="5.339412717148662">
        <ele>4.61</ele>
      </trkpt>
      <trkpt lat="52.020413875579834" lon="5.33984899520874">
        <ele>4.65</ele>
      </trkpt>
      <trkpt lat="52.0203654281795" lon="5.340225510299206">
        <ele>4.64</ele>
      </trkpt>
      <trkpt lat="52.02031698077917" lon="5.340602109208703">
        <ele>4.61</ele>
      </trkpt>
      <trkpt lat="52.02026861719787" lon="5.340978624299169">
        <ele>4.59</ele>
      </trkpt>
      <trkpt lat="52.02022075653076" lon="5.34135103225708">
        <ele>4.62</ele>
      </trkpt>
      <trkpt lat="52.02022075653076" lon="5.341828716918826">
        <ele>4.57</ele>
      </trkpt>
      <trkpt lat="52.02022075653076" lon="5.342306485399604">
        <ele>4.56</ele>
      </trkpt>
      <trkpt lat="52.02022075653076" lon="5.342784253880382">
        <ele>4.57</ele>
      </trkpt>
      <trkpt lat="52.02022075653076" lon="5.343262022361159">
        <ele>4.69</ele>
      </trkpt>
      <trkpt lat="52.02022075653076" lon="5.343732833862305">
        <ele>4.77</ele>
      </trkpt>
      <trkpt lat="52.02017784118652" lon="5.3441619873046875">
        <ele>4.78</ele>
      </trkpt>
      <trkpt lat="52.02005957253277" lon="5.344430711120367">
        <ele>4.78</ele>
      </trkpt>
      <trkpt lat="52.01994180679321" lon="5.344698429107666">
        <ele>4.73</ele>
      </trkpt>
      <trkpt lat="52.01975908130407" lon="5.345031609758735">
        <ele>4.73</ele>
      </trkpt>
      <trkpt lat="52.01957702636719" lon="5.345363616943359">
        <ele>4.73</ele>
      </trkpt>
      <trkpt lat="52.01941290870309" lon="5.3456781059503555">
        <ele>4.72</ele>
      </trkpt>
      <trkpt lat="52.01924879103899" lon="5.345992594957352">
        <ele>4.72</ele>
      </trkpt>
      <trkpt lat="52.01908567920327" lon="5.3463054075837135">
        <ele>4.72</ele>
      </trkpt>
      <trkpt lat="52.01906204223633" lon="5.34635066986084">
        <ele>4.67</ele>
      </trkpt>
      <trkpt lat="52.01892231591046" lon="5.346533311530948">
        <ele>4.64</ele>
      </trkpt>
      <trkpt lat="52.01878309249878" lon="5.346715450286865">
        <ele>4.62</ele>
      </trkpt>
      <trkpt lat="52.01858972199261" lon="5.3468764666467905">
        <ele>4.61</ele>
      </trkpt>
      <trkpt lat="52.018396854400635" lon="5.347037315368652">
        <ele>4.62</ele>
      </trkpt>
      <trkpt lat="52.01856851577759" lon="5.347294807434082">
        <ele>4.59</ele>
      </trkpt>
      <trkpt lat="52.018729615956545" lon="5.347477365285158">
        <ele>4.6</ele>
      </trkpt>
      <trkpt lat="52.018890380859375" lon="5.347659587860107">
        <ele>4.63</ele>
      </trkpt>
      <trkpt lat="52.01906204223633" lon="5.3478312492370605">
        <ele>4.68</ele>
      </trkpt>
      <trkpt lat="52.019352139905095" lon="5.347990170121193">
        <ele>4.76</ele>
      </trkpt>
      <trkpt lat="52.01964223757386" lon="5.348149174824357">
        <ele>4.83</ele>
      </trkpt>
      <trkpt lat="52.01993241906166" lon="5.348308179527521">
        <ele>4.82</ele>
      </trkpt>
      <trkpt lat="52.02022251673043" lon="5.348467184230685">
        <ele>4.84</ele>
      </trkpt>
      <trkpt lat="52.020512698218226" lon="5.348626188933849">
        <ele>5.02</ele>
      </trkpt>
      <trkpt lat="52.02080279588699" lon="5.348785193637013">
        <ele>5.22</ele>
      </trkpt>
      <trkpt lat="52.02109297737479" lon="5.3489441983401775">
        <ele>5.42</ele>
      </trkpt>
      <trkpt lat="52.02138165012002" lon="5.349102448672056">
        <ele>5.61</ele>
      </trkpt>
      <trkpt lat="52.02167744748294" lon="5.349264554679394">
        <ele>6.03</ele>
      </trkpt>
      <trkpt lat="52.0219733286649" lon="5.349426660686731">
        <ele>6.31</ele>
      </trkpt>
      <trkpt lat="52.022269209846854" lon="5.349588850513101">
        <ele>6.64</ele>
      </trkpt>
      <trkpt lat="52.02256509102881" lon="5.349750956520438">
        <ele>6.94</ele>
      </trkpt>
      <trkpt lat="52.022860050201416" lon="5.349912643432617">
        <ele>7.18</ele>
      </trkpt>
      <trkpt lat="52.022902965545654" lon="5.349977016448975">
        <ele>7.48</ele>
      </trkpt>
      <trkpt lat="52.02305316925049" lon="5.350234508514404">
        <ele>7.8</ele>
      </trkpt>
      <trkpt lat="52.0231819152832" lon="5.350363254547119">
        <ele>8.13</ele>
      </trkpt>
      <trkpt lat="52.023471761494875" lon="5.350524270907044">
        <ele>8.59</ele>
      </trkpt>
      <trkpt lat="52.02376127243042" lon="5.350685119628906">
        <ele>9.07</ele>
      </trkpt>
      <trkpt lat="52.023890018463135" lon="5.350706577301025">
        <ele>9.45</ele>
      </trkpt>
      <trkpt lat="52.024190509691834" lon="5.350642204284668">
        <ele>9.9</ele>
      </trkpt>
      <trkpt lat="52.024430986493826" lon="5.350775308907032">
        <ele>10.28</ele>
      </trkpt>
      <trkpt lat="52.02467146329582" lon="5.350908413529396">
        <ele>10.57</ele>
      </trkpt>
      <trkpt lat="52.02491194009781" lon="5.35104151815176">
        <ele>10.82</ele>
      </trkpt>
      <trkpt lat="52.0251524168998" lon="5.351174622774124">
        <ele>11.08</ele>
      </trkpt>
      <trkpt lat="52.025392139330506" lon="5.351307392120361">
        <ele>11.47</ele>
      </trkpt>
      <trkpt lat="52.02562825754285" lon="5.351425409317017">
        <ele>11.86</ele>
      </trkpt>
      <trkpt lat="52.02586445957422" lon="5.351543510332704">
        <ele>12.29</ele>
      </trkpt>
      <trkpt lat="52.0261006616056" lon="5.351661611348391">
        <ele>12.71</ele>
      </trkpt>
      <trkpt lat="52.02633627690375" lon="5.351779460906982">
        <ele>13.1</ele>
      </trkpt>
      <trkpt lat="52.02633619308472" lon="5.351779460906982">
        <ele>13.47</ele>
      </trkpt>
      <trkpt lat="52.02662964351475" lon="5.351922539994121">
        <ele>13.84</ele>
      </trkpt>
      <trkpt lat="52.02692309394479" lon="5.3520657029002905">
        <ele>14.27</ele>
      </trkpt>
      <trkpt lat="52.02721604146063" lon="5.352208614349365">
        <ele>14.74</ele>
      </trkpt>
      <trkpt lat="52.0272159576416" lon="5.352208614349365">
        <ele>15.11</ele>
      </trkpt>
      <trkpt lat="52.027366161346436" lon="5.352122783660889">
        <ele>15.48</ele>
      </trkpt>
      <trkpt lat="52.02749490737915" lon="5.352358818054199">
        <ele>15.85</ele>
      </trkpt>
      <trkpt lat="52.02770956791937" lon="5.352487564086914">
        <ele>16.18</ele>
      </trkpt>
      <trkpt lat="52.02796001918614" lon="5.352623518556356">
        <ele>16.55</ele>
      </trkpt>
      <trkpt lat="52.028210554271936" lon="5.352759473025799">
        <ele>16.9</ele>
      </trkpt>
      <trkpt lat="52.02846058644354" lon="5.352895259857178">
        <ele>17.17</ele>
      </trkpt>
      <trkpt lat="52.028696704655886" lon="5.353016881272197">
        <ele>17.37</ele>
      </trkpt>
      <trkpt lat="52.02893290668726" lon="5.3531385865062475">
        <ele>17.57</ele>
      </trkpt>
      <trkpt lat="52.029168689623475" lon="5.353260040283203">
        <ele>17.78</ele>
      </trkpt>
      <trkpt lat="52.02945317141712" lon="5.353404963389039">
        <ele>17.94</ele>
      </trkpt>
      <trkpt lat="52.02973765321076" lon="5.353549886494875">
        <ele>18.0</ele>
      </trkpt>
      <trkpt lat="52.0300221350044" lon="5.353694809600711">
        <ele>18.07</ele>
      </trkpt>
      <trkpt lat="52.03030594624579" lon="5.35383939743042">
        <ele>18.16</ele>
      </trkpt>
      <trkpt lat="52.03034886159003" lon="5.354323536157608">
        <ele>18.27</ele>
      </trkpt>
      <trkpt lat="52.030391693115234" lon="5.354804992675781">
        <ele>18.34</ele>
      </trkpt>
      <trkpt lat="52.03038088046014" lon="5.355095509439707">
        <ele>18.28</ele>
      </trkpt>
      <trkpt lat="52.030370235443115" lon="5.355384349822998">
        <ele>18.18</ele>
      </trkpt>
      <trkpt lat="52.030316423624754" lon="5.355739323422313">
        <ele>18.01</ele>
      </trkpt>
      <trkpt lat="52.03026294708252" lon="5.35609245300293">
        <ele>17.82</ele>
      </trkpt>
      <trkpt lat="52.030185498297215" lon="5.3565313294529915">
        <ele>17.61</ele>
      </trkpt>
      <trkpt lat="52.03010804951191" lon="5.356970289722085">
        <ele>17.35</ele>
      </trkpt>
      <trkpt lat="52.030030600726604" lon="5.3574092499911785">
        <ele>17.03</ele>
      </trkpt>
      <trkpt lat="52.0299531519413" lon="5.35784812644124">
        <ele>16.64</ele>
      </trkpt>
      <trkpt lat="52.02987679280341" lon="5.358281135559082">
        <ele>16.13</ele>
      </trkpt>
      <trkpt lat="52.029898250475526" lon="5.358431339263916">
        <ele>15.7</ele>
      </trkpt>
      <trkpt lat="52.02973438426852" lon="5.358708528801799">
        <ele>15.19</ele>
      </trkpt>
      <trkpt lat="52.02957110479474" lon="5.358984796330333">
        <ele>14.79</ele>
      </trkpt>
      <trkpt lat="52.02665604650974" lon="5.364730758592486">
        <ele>14.35</ele>
      </trkpt>
      <trkpt lat="52.02646493911743" lon="5.365104675292969">
        <ele>14.18</ele>
      </trkpt>
      <trkpt lat="52.0263216085732" lon="5.365362586453557">
        <ele>13.87</ele>
      </trkpt>
      <trkpt lat="52.026178278028965" lon="5.365620497614145">
        <ele>13.5</ele>
      </trkpt>
      <trkpt lat="52.02603578567505" lon="5.365877151489258">
        <ele>13.06</ele>
      </trkpt>
      <trkpt lat="52.025856748223305" lon="5.365798780694604">
        <ele>12.64</ele>
      </trkpt>
      <trkpt lat="52.025677962228656" lon="5.3657205775380135">
        <ele>12.18</ele>
      </trkpt>
      <trkpt lat="52.025383254513144" lon="5.365591663867235">
        <ele>11.33</ele>
      </trkpt>
      <trkpt lat="52.025088630616665" lon="5.365462750196457">
        <ele>11.14</ele>
      </trkpt>
      <trkpt lat="52.024794006720185" lon="5.365333836525679">
        <ele>10.98</ele>
      </trkpt>
      <trkpt lat="52.024499382823706" lon="5.3652049228549">
        <ele>10.84</ele>
      </trkpt>
      <trkpt lat="52.024204758927226" lon="5.365076009184122">
        <ele>10.72</ele>
      </trkpt>
      <trkpt lat="52.02391013503075" lon="5.364947095513344">
        <ele>10.57</ele>
      </trkpt>
      <trkpt lat="52.02361668460071" lon="5.3648187685757875">
        <ele>10.49</ele>
      </trkpt>
      <trkpt lat="52.02345281839371" lon="5.364747103303671">
        <ele>10.28</ele>
      </trkpt>
      <trkpt lat="52.02328928746283" lon="5.364675521850586">
        <ele>10.18</ele>
      </trkpt>
      <trkpt lat="52.023088624700904" lon="5.364990681409836">
        <ele>10.08</ele>
      </trkpt>
      <trkpt lat="52.02288804575801" lon="5.365305924788117">
        <ele>9.87</ele>
      </trkpt>
      <trkpt lat="52.022688472643495" lon="5.365619659423828">
        <ele>9.66</ele>
      </trkpt>
      <trkpt lat="52.022495018318295" lon="5.365909757092595">
        <ele>9.45</ele>
      </trkpt>
      <trkpt lat="52.022301563993096" lon="5.366199854761362">
        <ele>9.3</ele>
      </trkpt>
      <trkpt lat="52.0221081096679" lon="5.366490036249161">
        <ele>9.28</ele>
      </trkpt>
      <trkpt lat="52.02191473916173" lon="5.366780133917928">
        <ele>9.3</ele>
      </trkpt>
      <trkpt lat="52.02172128483653" lon="5.367070315405726">
        <ele>9.39</ele>
      </trkpt>
      <trkpt lat="52.02152967453003" lon="5.3673577308654785">
        <ele>9.53</ele>
      </trkpt>
      <trkpt lat="52.021418614313006" lon="5.367768611758947">
        <ele>9.61</ele>
      </trkpt>
      <trkpt lat="52.02130755409598" lon="5.368179492652416">
        <ele>9.73</ele>
      </trkpt>
      <trkpt lat="52.02119733206928" lon="5.368587356060743">
        <ele>9.84</ele>
      </trkpt>
      <trkpt lat="52.02110060490668" lon="5.368945598602295">
        <ele>10.23</ele>
      </trkpt>
      <trkpt lat="52.020872281864285" lon="5.368671594187617">
        <ele>10.31</ele>
      </trkpt>
      <trkpt lat="52.02064395882189" lon="5.368397673591971">
        <ele>10.47</ele>
      </trkpt>
      <trkpt lat="52.02041571959853" lon="5.3681237529963255">
        <ele>10.7</ele>
      </trkpt>
      <trkpt lat="52.02018739655614" lon="5.367849748581648">
        <ele>10.89</ele>
      </trkpt>
      <trkpt lat="52.01995915733278" lon="5.367575827986002">
        <ele>11.03</ele>
      </trkpt>
      <trkpt lat="52.019730834290385" lon="5.367301907390356">
        <ele>11.19</ele>
      </trkpt>
      <trkpt lat="52.01950251124799" lon="5.36702798679471">
        <ele>11.31</ele>
      </trkpt>
      <trkpt lat="52.01927661895752" lon="5.366756916046143">
        <ele>11.42</ele>
      </trkpt>
      <trkpt lat="52.01919078826904" lon="5.366714000701904">
        <ele>11.62</ele>
      </trkpt>
      <trkpt lat="52.018986605107784" lon="5.36699328571558">
        <ele>11.91</ele>
      </trkpt>
      <trkpt lat="52.01878309249878" lon="5.367271900177002">
        <ele>12.17</ele>
      </trkpt>
      <trkpt lat="52.01878317631781" lon="5.367271900177002">
        <ele>12.29</ele>
      </trkpt>
      <trkpt lat="52.01858435757458" lon="5.367561997845769">
        <ele>12.54</ele>
      </trkpt>
      <trkpt lat="52.01838553883135" lon="5.367852095514536">
        <ele>12.7</ele>
      </trkpt>
      <trkpt lat="52.018186720088124" lon="5.368142193183303">
        <ele>12.65</ele>
      </trkpt>
      <trkpt lat="52.01798915863037" lon="5.3684306144714355">
        <ele>12.43</ele>
      </trkpt>
      <trkpt lat="52.01780442148447" lon="5.368102630600333">
        <ele>12.33</ele>
      </trkpt>
      <trkpt lat="52.0176197681576" lon="5.367774730548263">
        <ele>12.19</ele>
      </trkpt>
      <trkpt lat="52.01743511483073" lon="5.367446830496192">
        <ele>12.07</ele>
      </trkpt>
      <trkpt lat="52.01725037768483" lon="5.367118930444121">
        <ele>11.79</ele>
      </trkpt>
      <trkpt lat="52.0170674007386" lon="5.366793964058161">
        <ele>11.47</ele>
      </trkpt>
      <trkpt lat="52.016937816515565" lon="5.36656379699707">
        <ele>10.8</ele>
      </trkpt>
      <trkpt lat="52.016721814870834" lon="5.366197256371379">
        <ele>10.41</ele>
      </trkpt>
      <trkpt lat="52.016505813226104" lon="5.365830799564719">
        <ele>9.98</ele>
      </trkpt>
      <trkpt lat="52.016289895400405" lon="5.3654643427580595">
        <ele>9.6</ele>
      </trkpt>
      <trkpt lat="52.016073893755674" lon="5.3650978859514">
        <ele>9.2</ele>
      </trkpt>
      <trkpt lat="52.015857975929976" lon="5.36473142914474">
        <ele>8.86</ele>
      </trkpt>
      <trkpt lat="52.015641974285245" lon="5.36436497233808">
        <ele>8.54</ele>
      </trkpt>
      <trkpt lat="52.015426056459546" lon="5.363998515531421">
        <ele>8.19</ele>
      </trkpt>
      <trkpt lat="52.015210054814816" lon="5.363632058724761">
        <ele>7.85</ele>
      </trkpt>
      <trkpt lat="52.01499413698912" lon="5.363265601918101">
        <ele>7.53</ele>
      </trkpt>
      <trkpt lat="52.014778135344386" lon="5.362899145111442">
        <ele>7.17</ele>
      </trkpt>
      <trkpt lat="52.014562133699656" lon="5.362532688304782">
        <ele>6.79</ele>
      </trkpt>
      <trkpt lat="52.01434621587396" lon="5.362166231498122">
        <ele>6.52</ele>
      </trkpt>
      <trkpt lat="52.014130214229226" lon="5.3617997746914625">
        <ele>6.22</ele>
      </trkpt>
      <trkpt lat="52.01391429640353" lon="5.361433317884803">
        <ele>5.97</ele>
      </trkpt>
      <trkpt lat="52.0136982947588" lon="5.361066861078143">
        <ele>5.77</ele>
      </trkpt>
      <trkpt lat="52.0134823769331" lon="5.360700404271483">
        <ele>5.54</ele>
      </trkpt>
      <trkpt lat="52.01326637528837" lon="5.360334031283855">
        <ele>5.31</ele>
      </trkpt>
      <trkpt lat="52.01305045746267" lon="5.359967574477196">
        <ele>5.2</ele>
      </trkpt>
      <trkpt lat="52.01283445581794" lon="5.359601117670536">
        <ele>5.21</ele>
      </trkpt>
      <trkpt lat="52.01261845417321" lon="5.359234660863876">
        <ele>5.16</ele>
      </trkpt>
      <trkpt lat="52.012410163879395" lon="5.358881950378418">
        <ele>5.1</ele>
      </trkpt>
      <trkpt lat="52.01221704483032" lon="5.358645915985107">
        <ele>5.06</ele>
      </trkpt>
      <trkpt lat="52.012195670977235" lon="5.358731746673584">
        <ele>4.99</ele>
      </trkpt>
      <trkpt lat="52.01202392578125" lon="5.359139442443848">
        <ele>4.86</ele>
      </trkpt>
      <trkpt lat="52.011996768414974" lon="5.3591998759657145">
        <ele>4.77</ele>
      </trkpt>
      <trkpt lat="52.011996768414974" lon="5.359199792146683">
        <ele>4.7</ele>
      </trkpt>
      <trkpt lat="52.01182007789612" lon="5.359592651948333">
        <ele>4.61</ele>
      </trkpt>
      <trkpt lat="52.01164338737726" lon="5.3599855955690145">
        <ele>4.51</ele>
      </trkpt>
      <trkpt lat="52.01146678067744" lon="5.360378539189696">
        <ele>4.42</ele>
      </trkpt>
      <trkpt lat="52.01129009015858" lon="5.360771398991346">
        <ele>4.37</ele>
      </trkpt>
      <trkpt lat="52.011113399639726" lon="5.361164342612028">
        <ele>4.36</ele>
      </trkpt>
      <trkpt lat="52.0109367929399" lon="5.361557202413678">
        <ele>4.31</ele>
      </trkpt>
      <trkpt lat="52.010760102421045" lon="5.36195014603436">
        <ele>4.22</ele>
      </trkpt>
      <trkpt lat="52.0105863455683" lon="5.3623366355896">
        <ele>4.12</ele>
      </trkpt>
      <trkpt lat="52.01045726425946" lon="5.36262690089643">
        <ele>4.08</ele>
      </trkpt>
      <trkpt lat="52.01032876968384" lon="5.362915992736816">
        <ele>4.13</ele>
      </trkpt>
      <trkpt lat="52.01016750186682" lon="5.363270714879036">
        <ele>4.12</ele>
      </trkpt>
      <trkpt lat="52.01000690460205" lon="5.363624095916748">
        <ele>4.15</ele>
      </trkpt>
      <trkpt lat="52.01000698842108" lon="5.363624095916748">
        <ele>4.21</ele>
      </trkpt>
      <trkpt lat="52.009837087243795" lon="5.364008992910385">
        <ele>4.31</ele>
      </trkpt>
      <trkpt lat="52.00966718606651" lon="5.364393889904022">
        <ele>4.48</ele>
      </trkpt>
      <trkpt lat="52.00949736870825" lon="5.364778786897659">
        <ele>4.66</ele>
      </trkpt>
      <trkpt lat="52.009327467530966" lon="5.365163683891296">
        <ele>4.75</ele>
      </trkpt>
      <trkpt lat="52.00915756635368" lon="5.3655485808849335">
        <ele>4.76</ele>
      </trkpt>
      <trkpt lat="52.00898774899542" lon="5.365933477878571">
        <ele>4.83</ele>
      </trkpt>
      <trkpt lat="52.008817847818136" lon="5.366318291053176">
        <ele>4.94</ele>
      </trkpt>
      <trkpt lat="52.00864803045988" lon="5.366703188046813">
        <ele>5.1</ele>
      </trkpt>
      <trkpt lat="52.008478129282594" lon="5.36708808504045">
        <ele>5.35</ele>
      </trkpt>
      <trkpt lat="52.00831174850464" lon="5.367465019226074">
        <ele>5.5</ele>
      </trkpt>
      <trkpt lat="52.00812893919647" lon="5.367873553186655">
        <ele>5.62</ele>
      </trkpt>
      <trkpt lat="52.00794621370733" lon="5.368282087147236">
        <ele>5.74</ele>
      </trkpt>
      <trkpt lat="52.00776340439916" lon="5.368690537288785">
        <ele>5.92</ele>
      </trkpt>
      <trkpt lat="52.00758218765259" lon="5.369095802307129">
        <ele>6.07</ele>
      </trkpt>
      <trkpt lat="52.00753927230835" lon="5.369224548339844">
        <ele>6.12</ele>
      </trkpt>
      <trkpt lat="52.00753935612738" lon="5.369224548339844">
        <ele>6.18</ele>
      </trkpt>
      <trkpt lat="52.00739954598248" lon="5.369547083973885">
        <ele>6.21</ele>
      </trkpt>
      <trkpt lat="52.00725981965661" lon="5.369869619607925">
        <ele>6.15</ele>
      </trkpt>
      <trkpt lat="52.00712000951171" lon="5.370192155241966">
        <ele>6.17</ele>
      </trkpt>
      <trkpt lat="52.006981456652284" lon="5.370512008666992">
        <ele>6.17</ele>
      </trkpt>
      <trkpt lat="52.006917083635926" lon="5.370619297027588">
        <ele>6.17</ele>
      </trkpt>
      <trkpt lat="52.00675363652408" lon="5.370993381366134">
        <ele>6.15</ele>
      </trkpt>
      <trkpt lat="52.006590189412236" lon="5.371367549523711">
        <ele>6.14</ele>
      </trkpt>
      <trkpt lat="52.00642674230039" lon="5.371741717681289">
        <ele>6.11</ele>
      </trkpt>
      <trkpt lat="52.006263295188546" lon="5.3721158020198345">
        <ele>6.08</ele>
      </trkpt>
      <trkpt lat="52.00610160827637" lon="5.372486114501953">
        <ele>6.03</ele>
      </trkpt>
      <trkpt lat="52.00627360492945" lon="5.372787024825811">
        <ele>5.97</ele>
      </trkpt>
      <trkpt lat="52.006445014849305" lon="5.373086929321289">
        <ele>5.9</ele>
      </trkpt>
      <trkpt lat="52.00644493103027" lon="5.373086929321289">
        <ele>5.88</ele>
      </trkpt>
      <trkpt lat="52.00664861127734" lon="5.373415416106582">
        <ele>5.92</ele>
      </trkpt>
      <trkpt lat="52.00685229152441" lon="5.373743986710906">
        <ele>5.99</ele>
      </trkpt>
      <trkpt lat="52.00705597177148" lon="5.37407255731523">
        <ele>6.03</ele>
      </trkpt>
      <trkpt lat="52.00725973583758" lon="5.374401127919555">
        <ele>6.03</ele>
      </trkpt>
      <trkpt lat="52.00746341608465" lon="5.374729698523879">
        <ele>6.04</ele>
      </trkpt>
      <trkpt lat="52.007665168493986" lon="5.375055084004998">
        <ele>5.95</ele>
      </trkpt>
      <trkpt lat="52.00777530670166" lon="5.375232696533203">
        <ele>5.91</ele>
      </trkpt>
      <trkpt lat="52.00797873549163" lon="5.375600913539529">
        <ele>5.9</ele>
      </trkpt>
      <trkpt lat="52.00818224810064" lon="5.375969214364886">
        <ele>5.97</ele>
      </trkpt>
      <trkpt lat="52.00838576070964" lon="5.376337431371212">
        <ele>6.03</ele>
      </trkpt>
      <trkpt lat="52.00858927331865" lon="5.376705732196569">
        <ele>6.01</ele>
      </trkpt>
      <trkpt lat="52.00879278592765" lon="5.377074033021927">
        <ele>5.9</ele>
      </trkpt>
      <trkpt lat="52.00899629853666" lon="5.377442250028253">
        <ele>5.92</ele>
      </trkpt>
      <trkpt lat="52.00919972732663" lon="5.37781055085361">
        <ele>6.0</ele>
      </trkpt>
      <trkpt lat="52.00940323993564" lon="5.3781788516789675">
        <ele>5.97</ele>
      </trkpt>
      <trkpt lat="52.00960675254464" lon="5.378547152504325">
        <ele>5.96</ele>
      </trkpt>
      <trkpt lat="52.00981026515365" lon="5.378915369510651">
        <ele>5.98</ele>
      </trkpt>
      <trkpt lat="52.01001377776265" lon="5.379283670336008">
        <ele>6.01</ele>
      </trkpt>
      <trkpt lat="52.010217290371656" lon="5.3796519711613655">
        <ele>6.08</ele>
      </trkpt>
      <trkpt lat="52.01042071916163" lon="5.380020271986723">
        <ele>6.2</ele>
      </trkpt>
      <trkpt lat="52.010624231770635" lon="5.38038857281208">
        <ele>6.17</ele>
      </trkpt>
      <trkpt lat="52.01082229614258" lon="5.380747318267822">
        <ele>6.26</ele>
      </trkpt>
      <trkpt lat="52.010979959741235" lon="5.381062561646104">
        <ele>6.35</ele>
      </trkpt>
      <trkpt lat="52.01113762333989" lon="5.381377888843417">
        <ele>6.44</ele>
      </trkpt>
      <trkpt lat="52.01129444874823" lon="5.3816914558410645">
        <ele>6.54</ele>
      </trkpt>
      <trkpt lat="52.0112943649292" lon="5.3816914558410645">
        <ele>6.66</ele>
      </trkpt>
      <trkpt lat="52.01143769547343" lon="5.381992449983954">
        <ele>6.79</ele>
      </trkpt>
      <trkpt lat="52.011581026017666" lon="5.382293444126844">
        <ele>6.92</ele>
      </trkpt>
      <trkpt lat="52.011723602190614" lon="5.382592678070068">
        <ele>7.08</ele>
      </trkpt>
      <trkpt lat="52.01172351837158" lon="5.382592678070068">
        <ele>7.26</ele>
      </trkpt>
      <trkpt lat="52.011889312416315" lon="5.382952010259032">
        <ele>7.53</ele>
      </trkpt>
      <trkpt lat="52.01205519028008" lon="5.383311342447996">
        <ele>7.73</ele>
      </trkpt>
      <trkpt lat="52.012221068143845" lon="5.38367067463696">
        <ele>7.95</ele>
      </trkpt>
      <trkpt lat="52.01238694600761" lon="5.384030090644956">
        <ele>8.24</ele>
      </trkpt>
      <trkpt lat="52.012552823871374" lon="5.3843894228339195">
        <ele>8.49</ele>
      </trkpt>
      <trkpt lat="52.01271870173514" lon="5.384748838841915">
        <ele>8.79</ele>
      </trkpt>
      <trkpt lat="52.01288231648505" lon="5.385103225708008">
        <ele>9.1</ele>
      </trkpt>
      <trkpt lat="52.012882232666016" lon="5.385103225708008">
        <ele>9.38</ele>
      </trkpt>
      <trkpt lat="52.01305389404297" lon="5.385425090789795">
        <ele>9.8</ele>
      </trkpt>
      <trkpt lat="52.01327593065798" lon="5.385754583403468">
        <ele>10.16</ele>
      </trkpt>
      <trkpt lat="52.013497967273" lon="5.386084076017141">
        <ele>10.55</ele>
      </trkpt>
      <trkpt lat="52.01371908187866" lon="5.386412143707275">
        <ele>10.74</ele>
      </trkpt>
      <trkpt lat="52.01384782791138" lon="5.3864336013793945">
        <ele>10.94</ele>
      </trkpt>
      <trkpt lat="52.01395511627197" lon="5.386369228363037">
        <ele>11.08</ele>
      </trkpt>
      <trkpt lat="52.01414857059717" lon="5.385969327762723">
        <ele>11.27</ele>
      </trkpt>
      <trkpt lat="52.0143421087414" lon="5.385569427162409">
        <ele>11.46</ele>
      </trkpt>
      <trkpt lat="52.0145355630666" lon="5.385169526562095">
        <ele>11.58</ele>
      </trkpt>
      <trkpt lat="52.01472910121083" lon="5.3847696259617805">
        <ele>11.63</ele>
      </trkpt>
      <trkpt lat="52.014920711517334" lon="5.384373664855957">
        <ele>11.72</ele>
      </trkpt>
      <trkpt lat="52.01500654220581" lon="5.384266376495361">
        <ele>11.84</ele>
      </trkpt>
      <trkpt lat="52.015156745910645" lon="5.384202003479004">
        <ele>11.93</ele>
      </trkpt>
      <trkpt lat="52.0153284072876" lon="5.3841697331517935">
        <ele>12.09</ele>
      </trkpt>
      <trkpt lat="52.01550006866455" lon="5.3841376304626465">
        <ele>12.27</ele>
      </trkpt>
      <trkpt lat="52.0157219376415" lon="5.384051715955138">
        <ele>12.46</ele>
      </trkpt>
      <trkpt lat="52.01594380661845" lon="5.38396580144763">
        <ele>12.56</ele>
      </trkpt>
      <trkpt lat="52.016165340319276" lon="5.383880138397217">
        <ele>12.6</ele>
      </trkpt>
      <trkpt lat="52.01620817184448" lon="5.383858680725098">
        <ele>12.58</ele>
      </trkpt>
      <trkpt lat="52.01627254486084" lon="5.383815765380859">
        <ele>12.55</ele>
      </trkpt>
      <trkpt lat="52.01629408635199" lon="5.38379430770874">
        <ele>12.48</ele>
      </trkpt>
      <trkpt lat="52.01629400253296" lon="5.38379430770874">
        <ele>12.39</ele>
      </trkpt>
      <trkpt lat="52.01655887067318" lon="5.3836081456393">
        <ele>12.14</ele>
      </trkpt>
      <trkpt lat="52.0168237388134" lon="5.383422067388892">
        <ele>11.93</ele>
      </trkpt>
      <trkpt lat="52.0170880202204" lon="5.383236408233643">
        <ele>11.88</ele>
      </trkpt>
      <trkpt lat="52.01725968159735" lon="5.383107662200928">
        <ele>11.82</ele>
      </trkpt>
      <trkpt lat="52.017495883628726" lon="5.382903562858701">
        <ele>11.68</ele>
      </trkpt>
      <trkpt lat="52.01773175038397" lon="5.382699966430664">
        <ele>11.38</ele>
      </trkpt>
      <trkpt lat="52.017903327941895" lon="5.382571220397949">
        <ele>11.11</ele>
      </trkpt>
      <trkpt lat="52.01803207397461" lon="5.382528305053711">
        <ele>10.91</ele>
      </trkpt>
      <trkpt lat="52.01831102371216" lon="5.382528305053711">
        <ele>10.69</ele>
      </trkpt>
      <trkpt lat="52.01855787076056" lon="5.3826141357421875">
        <ele>10.53</ele>
      </trkpt>
      <trkpt lat="52.01880463398993" lon="5.382699966430664">
        <ele>10.45</ele>
      </trkpt>
      <trkpt lat="52.0188045501709" lon="5.382699966430664">
        <ele>10.37</ele>
      </trkpt>
      <trkpt lat="52.018997753039" lon="5.382785797119141">
        <ele>10.38</ele>
      </trkpt>
      <trkpt lat="52.01919078826904" lon="5.382871627807617">
        <ele>10.41</ele>
      </trkpt>
      <trkpt lat="52.01933043077588" lon="5.383032727986574">
        <ele>10.47</ele>
      </trkpt>
      <trkpt lat="52.01946982182562" lon="5.383193492889404">
        <ele>10.51</ele>
      </trkpt>
      <trkpt lat="52.01972748152912" lon="5.383386695757508">
        <ele>10.53</ele>
      </trkpt>
      <trkpt lat="52.01998514123261" lon="5.383579982444644">
        <ele>10.52</ele>
      </trkpt>
      <trkpt lat="52.02024221420288" lon="5.383772850036621">
        <ele>10.63</ele>
      </trkpt>
      <trkpt lat="52.020478416234255" lon="5.383901596069336">
        <ele>10.76</ele>
      </trkpt>
      <trkpt lat="52.020714366808534" lon="5.384030342102051">
        <ele>10.92</ele>
      </trkpt>
      <trkpt lat="52.0209077373147" lon="5.383740160614252">
        <ele>10.98</ele>
      </trkpt>
      <trkpt lat="52.02110052108765" lon="5.383450984954834">
        <ele>10.97</ele>
      </trkpt>
      <trkpt lat="52.02116531319916" lon="5.383342942222953">
        <ele>11.06</ele>
      </trkpt>
      <trkpt lat="52.02129405923188" lon="5.383128365501761">
        <ele>11.34</ele>
      </trkpt>
      <trkpt lat="52.021422386169434" lon="5.3829145431518555">
        <ele>11.56</ele>
      </trkpt>
      <trkpt lat="52.02152967453003" lon="5.382678508758545">
        <ele>11.89</ele>
      </trkpt>
      <trkpt lat="52.02167987823486" lon="5.3827643394470215">
        <ele>12.08</ele>
      </trkpt>
      <trkpt lat="52.021964276209474" lon="5.382828712463379">
        <ele>12.27</ele>
      </trkpt>
      <trkpt lat="52.022248674184084" lon="5.382893085479736">
        <ele>12.37</ele>
      </trkpt>
      <trkpt lat="52.022533155977726" lon="5.382957458496094">
        <ele>12.5</ele>
      </trkpt>
      <trkpt lat="52.02281713485718" lon="5.383021831512451">
        <ele>12.71</ele>
      </trkpt>
      <trkpt lat="52.02307764440775" lon="5.383221320807934">
        <ele>13.03</ele>
      </trkpt>
      <trkpt lat="52.02333815395832" lon="5.383420810103416">
        <ele>13.44</ele>
      </trkpt>
      <trkpt lat="52.02359866350889" lon="5.383620299398899">
        <ele>13.84</ele>
      </trkpt>
      <trkpt lat="52.02385917305946" lon="5.383819788694382">
        <ele>14.17</ele>
      </trkpt>
      <trkpt lat="52.02411976642907" lon="5.384019277989864">
        <ele>14.48</ele>
      </trkpt>
      <trkpt lat="52.02438027597964" lon="5.384218767285347">
        <ele>14.86</ele>
      </trkpt>
      <trkpt lat="52.02464078553021" lon="5.38441825658083">
        <ele>15.31</ele>
      </trkpt>
      <trkpt lat="52.02489961870015" lon="5.3846164885908365">
        <ele>15.91</ele>
      </trkpt>
      <trkpt lat="52.02504940330982" lon="5.384731153026223">
        <ele>16.83</ele>
      </trkpt>
      <trkpt lat="52.025199020281434" lon="5.384845733642578">
        <ele>17.29</ele>
      </trkpt>
      <trkpt lat="52.025349140167236" lon="5.384953022003174">
        <ele>17.66</ele>
      </trkpt>
      <trkpt lat="52.02534922398627" lon="5.384953022003174">
        <ele>18.02</ele>
      </trkpt>
      <trkpt lat="52.02556396834552" lon="5.385139100253582">
        <ele>18.34</ele>
      </trkpt>
      <trkpt lat="52.02577871270478" lon="5.385325262323022">
        <ele>18.65</ele>
      </trkpt>
      <trkpt lat="52.02599287033081" lon="5.3855109214782715">
        <ele>18.98</ele>
      </trkpt>
      <trkpt lat="52.02599295414984" lon="5.3855109214782715">
        <ele>19.29</ele>
      </trkpt>
      <trkpt lat="52.02622194774449" lon="5.385711332783103">
        <ele>19.63</ele>
      </trkpt>
      <trkpt lat="52.02645102515817" lon="5.385911827906966">
        <ele>20.0</ele>
      </trkpt>
      <trkpt lat="52.02667951583862" lon="5.386111736297607">
        <ele>20.29</ele>
      </trkpt>
      <trkpt lat="52.02684078365564" lon="5.385697754099965">
        <ele>20.45</ele>
      </trkpt>
      <trkpt lat="52.027002051472664" lon="5.385283771902323">
        <ele>20.4</ele>
      </trkpt>
      <trkpt lat="52.027163319289684" lon="5.38486978970468">
        <ele>20.56</ele>
      </trkpt>
      <trkpt lat="52.0273232460022" lon="5.384459495544434">
        <ele>20.82</ele>
      </trkpt>
      <trkpt lat="52.027409160509706" lon="5.38454532623291">
        <ele>20.85</ele>
      </trkpt>
      <trkpt lat="52.02757394872606" lon="5.384151041507721">
        <ele>21.04</ele>
      </trkpt>
      <trkpt lat="52.02773882076144" lon="5.3837568406015635">
        <ele>20.95</ele>
      </trkpt>
      <trkpt lat="52.027902686968446" lon="5.383365154266357">
        <ele>20.88</ele>
      </trkpt>
      <trkpt lat="52.028053142130375" lon="5.382999535650015">
        <ele>20.8</ele>
      </trkpt>
      <trkpt lat="52.028203681111336" lon="5.382634000852704">
        <ele>20.61</ele>
      </trkpt>
      <trkpt lat="52.0283542200923" lon="5.382268466055393">
        <ele>20.28</ele>
      </trkpt>
      <trkpt lat="52.02850350178778" lon="5.381906032562256">
        <ele>20.13</ele>
      </trkpt>
      <trkpt lat="52.02864104881883" lon="5.381561955437064">
        <ele>20.2</ele>
      </trkpt>
      <trkpt lat="52.0287786796689" lon="5.3812178783118725">
        <ele>20.27</ele>
      </trkpt>
      <trkpt lat="52.02891631051898" lon="5.380873801186681">
        <ele>20.15</ele>
      </trkpt>
      <trkpt lat="52.02905394136906" lon="5.380529724061489">
        <ele>20.03</ele>
      </trkpt>
      <trkpt lat="52.029190147295594" lon="5.380189418792725">
        <ele>20.09</ele>
      </trkpt>
      <trkpt lat="52.02919006347656" lon="5.380189418792725">
        <ele>20.06</ele>
      </trkpt>
      <trkpt lat="52.02934730798006" lon="5.379758253693581">
        <ele>20.1</ele>
      </trkpt>
      <trkpt lat="52.02950396575034" lon="5.3793291840702295">
        <ele>20.09</ele>
      </trkpt>
      <trkpt lat="52.02963698655367" lon="5.378964487463236">
        <ele>20.18</ele>
      </trkpt>
      <trkpt lat="52.02976942062378" lon="5.378601551055908">
        <ele>20.36</ele>
      </trkpt>
      <trkpt lat="52.02989129349589" lon="5.378192849457264">
        <ele>20.6</ele>
      </trkpt>
      <trkpt lat="52.03001316636801" lon="5.37778414785862">
        <ele>20.88</ele>
      </trkpt>
      <trkpt lat="52.030135123059154" lon="5.377375446259975">
        <ele>21.28</ele>
      </trkpt>
      <trkpt lat="52.03025699593127" lon="5.376966744661331">
        <ele>21.81</ele>
      </trkpt>
      <trkpt lat="52.030378952622414" lon="5.376558126881719">
        <ele>22.38</ele>
      </trkpt>
      <trkpt lat="52.03049906529486" lon="5.376155376434326">
        <ele>23.0</ele>
      </trkpt>
      <trkpt lat="52.03056343831122" lon="5.375940799713135">
        <ele>23.54</ele>
      </trkpt>
      <trkpt lat="52.030649185180664" lon="5.37555456161499">
        <ele>24.04</ele>
      </trkpt>
      <trkpt lat="52.03071355819702" lon="5.37506103515625">
        <ele>24.27</ele>
      </trkpt>
      <trkpt lat="52.03081799671054" lon="5.374618470668793">
        <ele>24.17</ele>
      </trkpt>
      <trkpt lat="52.03092251904309" lon="5.3741759061813354">
        <ele>23.95</ele>
      </trkpt>
      <trkpt lat="52.03102704137564" lon="5.373733341693878">
        <ele>23.81</ele>
      </trkpt>
      <trkpt lat="52.031131563708186" lon="5.373290777206421">
        <ele>23.86</ele>
      </trkpt>
      <trkpt lat="52.031236086040735" lon="5.372848212718964">
        <ele>23.84</ele>
      </trkpt>
      <trkpt lat="52.031340608373284" lon="5.372405648231506">
        <ele>23.71</ele>
      </trkpt>
      <trkpt lat="52.031443202868104" lon="5.371971130371094">
        <ele>23.39</ele>
      </trkpt>
      <trkpt lat="52.03154118731618" lon="5.371540384367108">
        <ele>22.96</ele>
      </trkpt>
      <trkpt lat="52.031639255583286" lon="5.371109722182155">
        <ele>22.67</ele>
      </trkpt>
      <trkpt lat="52.03173732385039" lon="5.370679059997201">
        <ele>22.68</ele>
      </trkpt>
      <trkpt lat="52.03183438628912" lon="5.37025292403996">
        <ele>22.88</ele>
      </trkpt>
    </trkseg>
  </trk>
</gpx>
